"seccion","munn","edon","disloc2016","disloc2013","pobtot","esc1","esc3","urbana","rural","mixta","pan","pri","prd","pob_dist","pob_edo","RRI","RRI_2013","RRI_2016","SQ","dsi_pob","prop_urbana","prop_rural","prop_mixta","prop_bastion_pan","prop_bastion_pri","prop_bastion_prd","SQ_","dsi_sec"
1,1,29,8,3,1538,10,8,0,1,1,0,0,1,76223,1169936,0,0.99176283195143,1.02325719708399,5,0.51,0.71,0.291,0.097,0,0,1,5,0.471
2,1,29,8,3,3949,10,8,1,0,0,0,0,0,76223,1169936,0,0.99176283195143,1.02325719708399,5,0.51,0.71,0.291,0.097,0,0,1,5,0.471
3,1,29,8,3,3848,10,8,1,0,0,0,0,0,76223,1169936,0,0.99176283195143,1.02325719708399,5,0.51,0.71,0.291,0.097,0,0,1,5,0.471
4,1,29,8,3,832,10,8,0,1,1,0,0,0,76223,1169936,0,0.99176283195143,1.02325719708399,5,0.51,0.71,0.291,0.097,0,0,1,5,0.471
5,2,29,8,2,3165,7,8,1,0,0,0,0,0,76223,1169936,0,1.01629991000476,1.02325719708399,5,0.51,1,0,0,0,1,0,5,0.471
6,2,29,8,2,1143,7,8,1,0,0,0,0,0,76223,1169936,0,1.01629991000476,1.02325719708399,5,0.51,1,0,0,0,1,0,5,0.471
7,2,29,8,2,442,7,8,1,0,0,0,0,0,76223,1169936,0,1.01629991000476,1.02325719708399,5,0.51,1,0,0,0,1,0,5,0.471
8,2,29,8,2,2704,7,8,1,0,0,0,0,0,76223,1169936,0,1.01629991000476,1.02325719708399,5,0.51,1,0,0,0,1,0,5,0.471
9,2,29,8,2,2223,7,8,1,0,0,0,0,0,76223,1169936,0,1.01629991000476,1.02325719708399,5,0.51,1,0,0,0,1,0,5,0.471
10,2,29,8,2,3402,7,8,1,0,0,0,0,0,76223,1169936,0,1.01629991000476,1.02325719708399,5,0.51,1,0,0,0,1,0,5,0.471
11,2,29,8,2,1057,7,8,1,0,0,0,0,0,76223,1169936,0,1.01629991000476,1.02325719708399,5,0.51,1,0,0,0,1,0,5,0.471
12,3,29,4,15,1335,8,4,1,0,0,0,1,0,78035,1169936,0,0.984988625705737,0.999496806988317,8,1,0.743,0.257,0.114,0,1,0,8,1
13,3,29,4,16,2516,8,4,1,0,0,0,0,0,78035,1169936,0,0.841667859694206,0.999496806988317,8,1,0.743,0.257,0.057,0,0.889,0.111,8,1
14,3,29,4,16,6027,8,4,1,0,0,0,1,0,78035,1169936,0,0.841667859694206,0.999496806988317,8,1,0.743,0.257,0.057,0,0.889,0.111,8,1
15,3,29,4,16,2090,8,4,1,0,0,0,0,0,78035,1169936,0,0.841667859694206,0.999496806988317,8,1,0.743,0.257,0.057,0,0.889,0.111,8,1
16,3,29,4,15,1791,8,4,0,1,1,0,0,0,78035,1169936,0,0.984988625705737,0.999496806988317,8,1,0.743,0.257,0.114,0,1,0,8,1
17,3,29,4,15,1501,8,4,1,0,0,0,0,0,78035,1169936,0,0.984988625705737,0.999496806988317,8,1,0.743,0.257,0.114,0,1,0,8,1
18,3,29,4,15,1086,8,4,1,0,0,0,1,0,78035,1169936,0,0.984988625705737,0.999496806988317,8,1,0.743,0.257,0.114,0,1,0,8,1
19,3,29,4,16,1037,8,4,1,0,0,0,0,0,78035,1169936,0,0.841667859694206,0.999496806988317,8,1,0.743,0.257,0.057,0,0.889,0.111,8,1
20,3,29,4,16,1350,8,4,1,0,0,0,0,0,78035,1169936,0,0.841667859694206,0.999496806988317,8,1,0.743,0.257,0.057,0,0.889,0.111,8,1
21,3,29,4,16,568,8,4,1,0,0,0,0,0,78035,1169936,0,0.841667859694206,0.999496806988317,8,1,0.743,0.257,0.057,0,0.889,0.111,8,1
22,3,29,4,16,1785,8,4,1,0,0,0,1,0,78035,1169936,0,0.841667859694206,0.999496806988317,8,1,0.743,0.257,0.057,0,0.889,0.111,8,1
23,3,29,4,15,587,8,4,1,0,0,0,1,0,78035,1169936,0,0.984988625705737,0.999496806988317,8,1,0.743,0.257,0.114,0,1,0,8,1
24,3,29,4,15,923,8,4,1,0,0,0,0,0,78035,1169936,0,0.984988625705737,0.999496806988317,8,1,0.743,0.257,0.114,0,1,0,8,1
25,3,29,4,15,1815,8,4,1,0,0,0,0,0,78035,1169936,0,0.984988625705737,0.999496806988317,8,1,0.743,0.257,0.114,0,1,0,8,1
26,3,29,4,15,1805,8,4,1,0,0,0,0,0,78035,1169936,0,0.984988625705737,0.999496806988317,8,1,0.743,0.257,0.114,0,1,0,8,1
27,3,29,4,15,2139,8,4,1,0,0,0,0,0,78035,1169936,0,0.984988625705737,0.999496806988317,8,1,0.743,0.257,0.114,0,1,0,8,1
28,3,29,4,16,1606,8,4,1,0,0,0,0,0,78035,1169936,0,0.841667859694206,0.999496806988317,8,1,0.743,0.257,0.057,0,0.889,0.111,8,1
29,3,29,4,16,2046,8,4,1,0,0,0,0,0,78035,1169936,0,0.841667859694206,0.999496806988317,8,1,0.743,0.257,0.057,0,0.889,0.111,8,1
30,3,29,4,16,8534,8,4,1,0,0,0,1,0,78035,1169936,0,0.841667859694206,0.999496806988317,8,1,0.743,0.257,0.057,0,0.889,0.111,8,1
31,3,29,4,16,3486,8,4,1,0,0,0,0,0,78035,1169936,0,0.841667859694206,0.999496806988317,8,1,0.743,0.257,0.057,0,0.889,0.111,8,1
32,3,29,4,16,2342,8,4,1,0,0,0,0,0,78035,1169936,0,0.841667859694206,0.999496806988317,8,1,0.743,0.257,0.057,0,0.889,0.111,8,1
33,3,29,4,15,3127,8,4,1,0,0,0,0,0,78035,1169936,0,0.984988625705737,0.999496806988317,8,1,0.743,0.257,0.114,0,1,0,8,1
34,3,29,4,15,1046,8,4,1,0,0,0,1,0,78035,1169936,0,0.984988625705737,0.999496806988317,8,1,0.743,0.257,0.114,0,1,0,8,1
35,3,29,4,15,1691,8,4,1,0,0,0,1,0,78035,1169936,0,0.984988625705737,0.999496806988317,8,1,0.743,0.257,0.114,0,1,0,8,1
36,3,29,4,15,1986,8,4,1,0,0,0,0,0,78035,1169936,0,0.984988625705737,0.999496806988317,8,1,0.743,0.257,0.114,0,1,0,8,1
37,3,29,4,15,1519,8,4,1,0,0,0,0,0,78035,1169936,0,0.984988625705737,0.999496806988317,8,1,0.743,0.257,0.114,0,1,0,8,1
38,3,29,5,15,1267,1,5,0,1,1,0,1,0,71768,1169936,0,0.984988625705737,1.08677590755397,3,0.177,0.743,0.257,0.114,0,1,0,3,0.294
39,3,29,4,16,1475,8,4,1,0,0,0,1,0,78035,1169936,0,0.841667859694206,0.999496806988317,8,1,0.743,0.257,0.057,0,0.889,0.111,8,1
40,3,29,4,16,3129,8,4,1,0,0,0,0,0,78035,1169936,0,0.841667859694206,0.999496806988317,8,1,0.743,0.257,0.057,0,0.889,0.111,8,1
41,3,29,4,16,3381,8,4,1,0,0,0,0,0,78035,1169936,0,0.841667859694206,0.999496806988317,8,1,0.743,0.257,0.057,0,0.889,0.111,8,1
42,3,29,4,15,814,8,4,1,0,0,0,1,0,78035,1169936,0,0.984988625705737,0.999496806988317,8,1,0.743,0.257,0.114,0,1,0,8,1
43,3,29,4,15,3816,8,4,1,0,0,0,0,0,78035,1169936,0,0.984988625705737,0.999496806988317,8,1,0.743,0.257,0.114,0,1,0,8,1
44,3,29,4,15,2399,8,4,1,0,0,0,0,0,78035,1169936,0,0.984988625705737,0.999496806988317,8,1,0.743,0.257,0.114,0,1,0,8,1
45,3,29,4,15,593,8,4,1,0,0,0,0,0,78035,1169936,0,0.984988625705737,0.999496806988317,8,1,0.743,0.257,0.114,0,1,0,8,1
46,3,29,4,16,2480,8,4,1,0,0,0,0,0,78035,1169936,0,0.841667859694206,0.999496806988317,8,1,0.743,0.257,0.057,0,0.889,0.111,8,1
47,3,29,4,16,3759,8,4,1,0,0,0,0,0,78035,1169936,0,0.841667859694206,0.999496806988317,8,1,0.743,0.257,0.057,0,0.889,0.111,8,1
48,3,29,4,15,451,8,4,1,0,0,0,0,0,78035,1169936,0,0.984988625705737,0.999496806988317,8,1,0.743,0.257,0.114,0,1,0,8,1
49,4,29,2,12,889,4,2,0,1,1,0,0,0,74289,1169936,0,1.02602024439911,1.04989612638928,4,0.42,0.157,0.843,0.2,0,0.75,0.25,4,0.6
50,4,29,2,12,422,4,2,0,1,0,0,0,0,74289,1169936,0,1.02602024439911,1.04989612638928,4,0.42,0.157,0.843,0.2,0,0.75,0.25,4,0.6
51,4,29,2,12,428,4,2,0,1,0,0,0,0,74289,1169936,0,1.02602024439911,1.04989612638928,4,0.42,0.157,0.843,0.2,0,0.75,0.25,4,0.6
52,4,29,2,12,142,4,2,0,1,0,0,0,0,74289,1169936,0,1.02602024439911,1.04989612638928,4,0.42,0.157,0.843,0.2,0,0.75,0.25,4,0.6
53,4,29,2,12,1310,4,2,1,0,0,0,0,0,74289,1169936,0,1.02602024439911,1.04989612638928,4,0.42,0.157,0.843,0.2,0,0.75,0.25,4,0.6
54,4,29,2,12,473,4,2,0,1,0,0,0,0,74289,1169936,0,1.02602024439911,1.04989612638928,4,0.42,0.157,0.843,0.2,0,0.75,0.25,4,0.6
55,4,29,2,12,408,4,2,0,1,0,0,1,0,74289,1169936,0,1.02602024439911,1.04989612638928,4,0.42,0.157,0.843,0.2,0,0.75,0.25,4,0.6
56,4,29,2,12,1489,4,2,0,1,1,0,0,0,74289,1169936,0,1.02602024439911,1.04989612638928,4,0.42,0.157,0.843,0.2,0,0.75,0.25,4,0.6
57,4,29,2,12,546,4,2,0,1,0,0,0,0,74289,1169936,0,1.02602024439911,1.04989612638928,4,0.42,0.157,0.843,0.2,0,0.75,0.25,4,0.6
58,34,29,2,14,270,4,2,0,1,0,0,0,0,74289,1169936,0,0.92752465011777,1.04989612638928,4,0.42,0.271,0.728,0.22,0,0.857,0.143,4,0.6
59,5,29,11,17,1327,14,11,0,1,1,0,0,0,72759,1169936,0,0.936012448846522,1.07197368481333,14,1,0.206,0.793,0.206,0,0.667,0.333,14,1
60,5,29,11,17,904,14,11,0,1,1,0,0,0,72759,1169936,0,0.936012448846522,1.07197368481333,14,1,0.206,0.793,0.206,0,0.667,0.333,14,1
61,5,29,11,17,536,14,11,0,1,0,0,0,0,72759,1169936,0,0.936012448846522,1.07197368481333,14,1,0.206,0.793,0.206,0,0.667,0.333,14,1
62,5,29,11,17,384,14,11,0,1,0,0,1,0,72759,1169936,0,0.936012448846522,1.07197368481333,14,1,0.206,0.793,0.206,0,0.667,0.333,14,1
63,5,29,11,17,450,14,11,0,1,0,0,0,0,72759,1169936,0,0.936012448846522,1.07197368481333,14,1,0.206,0.793,0.206,0,0.667,0.333,14,1
64,5,29,11,17,307,14,11,0,1,0,0,0,0,72759,1169936,0,0.936012448846522,1.07197368481333,14,1,0.206,0.793,0.206,0,0.667,0.333,14,1
65,5,29,11,17,279,14,11,0,1,0,0,0,0,72759,1169936,0,0.936012448846522,1.07197368481333,14,1,0.206,0.793,0.206,0,0.667,0.333,14,1
66,5,29,11,17,675,14,11,0,1,0,0,0,0,72759,1169936,0,0.936012448846522,1.07197368481333,14,1,0.206,0.793,0.206,0,0.667,0.333,14,1
67,5,29,11,17,255,14,11,0,1,0,0,0,0,72759,1169936,0,0.936012448846522,1.07197368481333,14,1,0.206,0.793,0.206,0,0.667,0.333,14,1
68,5,29,11,17,2342,14,11,0,1,1,0,0,0,72759,1169936,0,0.936012448846522,1.07197368481333,14,1,0.206,0.793,0.206,0,0.667,0.333,14,1
69,5,29,11,17,1330,14,11,0,1,1,0,0,0,72759,1169936,0,0.936012448846522,1.07197368481333,14,1,0.206,0.793,0.206,0,0.667,0.333,14,1
70,5,29,11,17,757,14,11,0,1,0,0,0,0,72759,1169936,0,0.936012448846522,1.07197368481333,14,1,0.206,0.793,0.206,0,0.667,0.333,14,1
71,5,29,11,17,1152,14,11,0,1,0,0,0,0,72759,1169936,0,0.936012448846522,1.07197368481333,14,1,0.206,0.793,0.206,0,0.667,0.333,14,1
72,5,29,11,17,967,14,11,0,1,0,0,0,0,72759,1169936,0,0.936012448846522,1.07197368481333,14,1,0.206,0.793,0.206,0,0.667,0.333,14,1
73,5,29,11,17,330,14,11,0,1,0,0,0,0,72759,1169936,0,0.936012448846522,1.07197368481333,14,1,0.206,0.793,0.206,0,0.667,0.333,14,1
74,5,29,11,17,1440,14,11,0,1,1,0,0,0,72759,1169936,0,0.936012448846522,1.07197368481333,14,1,0.206,0.793,0.206,0,0.667,0.333,14,1
75,5,29,11,17,567,14,11,0,1,0,0,0,0,72759,1169936,0,0.936012448846522,1.07197368481333,14,1,0.206,0.793,0.206,0,0.667,0.333,14,1
76,5,29,11,17,142,14,11,0,1,0,0,0,0,72759,1169936,0,0.936012448846522,1.07197368481333,14,1,0.206,0.793,0.206,0,0.667,0.333,14,1
77,5,29,11,17,1779,14,11,1,0,0,0,0,0,72759,1169936,0,0.936012448846522,1.07197368481333,14,1,0.206,0.793,0.206,0,0.667,0.333,14,1
78,6,29,1,13,5522,9,1,0,1,1,0,0,0,75680,1169936,0,1.00202728917948,1.03059901338971,9,1,0.188,0.812,0.333,0.167,0.833,0,9,1
79,6,29,1,13,2737,9,1,1,0,0,0,0,0,75680,1169936,0,1.00202728917948,1.03059901338971,9,1,0.188,0.812,0.333,0.167,0.833,0,9,1
80,6,29,1,13,1527,9,1,1,0,0,0,0,0,75680,1169936,0,1.00202728917948,1.03059901338971,9,1,0.188,0.812,0.333,0.167,0.833,0,9,1
81,6,29,1,13,2511,9,1,0,1,1,0,0,0,75680,1169936,0,1.00202728917948,1.03059901338971,9,1,0.188,0.812,0.333,0.167,0.833,0,9,1
82,6,29,1,13,2959,9,1,0,1,1,0,0,0,75680,1169936,0,1.00202728917948,1.03059901338971,9,1,0.188,0.812,0.333,0.167,0.833,0,9,1
83,6,29,1,13,3236,9,1,1,0,0,0,0,0,75680,1169936,0,1.00202728917948,1.03059901338971,9,1,0.188,0.812,0.333,0.167,0.833,0,9,1
84,6,29,1,13,985,9,1,1,0,0,0,0,0,75680,1169936,0,1.00202728917948,1.03059901338971,9,1,0.188,0.812,0.333,0.167,0.833,0,9,1
85,6,29,1,13,2601,9,1,0,1,1,0,0,0,75680,1169936,0,1.00202728917948,1.03059901338971,9,1,0.188,0.812,0.333,0.167,0.833,0,9,1
86,6,29,1,13,2253,9,1,0,1,1,0,0,0,75680,1169936,0,1.00202728917948,1.03059901338971,9,1,0.188,0.812,0.333,0.167,0.833,0,9,1
87,6,29,1,13,1309,9,1,1,0,0,0,1,0,75680,1169936,0,1.00202728917948,1.03059901338971,9,1,0.188,0.812,0.333,0.167,0.833,0,9,1
88,6,29,1,13,1580,9,1,1,0,0,0,0,0,75680,1169936,0,1.00202728917948,1.03059901338971,9,1,0.188,0.812,0.333,0.167,0.833,0,9,1
89,6,29,1,13,2675,9,1,1,0,0,0,0,0,75680,1169936,0,1.00202728917948,1.03059901338971,9,1,0.188,0.812,0.333,0.167,0.833,0,9,1
90,6,29,1,13,3684,9,1,0,1,1,0,0,0,75680,1169936,0,1.00202728917948,1.03059901338971,9,1,0.188,0.812,0.333,0.167,0.833,0,9,1
91,6,29,1,13,969,9,1,0,1,0,0,0,0,75680,1169936,0,1.00202728917948,1.03059901338971,9,1,0.188,0.812,0.333,0.167,0.833,0,9,1
92,6,29,1,13,2616,9,1,0,1,1,0,0,0,75680,1169936,0,1.00202728917948,1.03059901338971,9,1,0.188,0.812,0.333,0.167,0.833,0,9,1
93,6,29,1,13,1764,9,1,0,1,1,0,0,0,75680,1169936,0,1.00202728917948,1.03059901338971,9,1,0.188,0.812,0.333,0.167,0.833,0,9,1
94,6,29,1,13,1149,9,1,0,1,1,0,1,0,75680,1169936,0,1.00202728917948,1.03059901338971,9,1,0.188,0.812,0.333,0.167,0.833,0,9,1
95,6,29,1,13,586,9,1,0,1,0,0,1,0,75680,1169936,0,1.00202728917948,1.03059901338971,9,1,0.188,0.812,0.333,0.167,0.833,0,9,1
96,6,29,1,13,737,9,1,0,1,0,0,0,0,75680,1169936,0,1.00202728917948,1.03059901338971,9,1,0.188,0.812,0.333,0.167,0.833,0,9,1
97,6,29,1,13,1224,9,1,0,1,1,0,0,0,75680,1169936,0,1.00202728917948,1.03059901338971,9,1,0.188,0.812,0.333,0.167,0.833,0,9,1
98,6,29,1,13,2081,9,1,0,1,1,1,0,0,75680,1169936,0,1.00202728917948,1.03059901338971,9,1,0.188,0.812,0.333,0.167,0.833,0,9,1
99,6,29,1,13,181,9,1,0,1,0,0,1,0,75680,1169936,0,1.00202728917948,1.03059901338971,9,1,0.188,0.812,0.333,0.167,0.833,0,9,1
100,7,29,11,19,4229,14,11,1,0,0,0,0,0,72759,1169936,0,0.888510850298237,1.07197368481333,14,1,0.362,0.638,0.191,0.143,0.571,0.286,14,1
101,7,29,11,19,2592,14,11,1,0,0,0,0,0,72759,1169936,0,0.888510850298237,1.07197368481333,14,1,0.362,0.638,0.191,0.143,0.571,0.286,14,1
102,7,29,11,19,2738,14,11,1,0,0,0,1,0,72759,1169936,0,0.888510850298237,1.07197368481333,14,1,0.362,0.638,0.191,0.143,0.571,0.286,14,1
103,7,29,11,19,1764,14,11,0,1,1,0,0,0,72759,1169936,0,0.888510850298237,1.07197368481333,14,1,0.362,0.638,0.191,0.143,0.571,0.286,14,1
104,7,29,11,19,3113,14,11,1,0,0,0,0,0,72759,1169936,0,0.888510850298237,1.07197368481333,14,1,0.362,0.638,0.191,0.143,0.571,0.286,14,1
105,7,29,11,19,549,14,11,0,1,0,0,0,0,72759,1169936,0,0.888510850298237,1.07197368481333,14,1,0.362,0.638,0.191,0.143,0.571,0.286,14,1
106,7,29,11,19,286,14,11,0,1,0,0,0,0,72759,1169936,0,0.888510850298237,1.07197368481333,14,1,0.362,0.638,0.191,0.143,0.571,0.286,14,1
107,8,29,11,19,3346,14,11,0,1,1,0,0,0,72759,1169936,0,0.888510850298237,1.07197368481333,14,1,0.362,0.638,0.191,0.143,0.571,0.286,14,1
108,8,29,11,19,2121,14,11,1,0,0,0,0,0,72759,1169936,0,0.888510850298237,1.07197368481333,14,1,0.362,0.638,0.191,0.143,0.571,0.286,14,1
109,8,29,11,19,3051,14,11,1,0,0,0,0,0,72759,1169936,0,0.888510850298237,1.07197368481333,14,1,0.362,0.638,0.191,0.143,0.571,0.286,14,1
110,8,29,11,19,1815,14,11,0,1,1,0,0,1,72759,1169936,0,0.888510850298237,1.07197368481333,14,1,0.362,0.638,0.191,0.143,0.571,0.286,14,1
111,8,29,11,19,324,14,11,0,1,0,0,1,0,72759,1169936,0,0.888510850298237,1.07197368481333,14,1,0.362,0.638,0.191,0.143,0.571,0.286,14,1
112,8,29,11,19,216,14,11,0,1,0,0,0,0,72759,1169936,0,0.888510850298237,1.07197368481333,14,1,0.362,0.638,0.191,0.143,0.571,0.286,14,1
113,8,29,11,19,476,14,11,0,1,0,0,0,0,72759,1169936,0,0.888510850298237,1.07197368481333,14,1,0.362,0.638,0.191,0.143,0.571,0.286,14,1
114,8,29,11,19,1129,14,11,0,1,1,0,0,1,72759,1169936,0,0.888510850298237,1.07197368481333,14,1,0.362,0.638,0.191,0.143,0.571,0.286,14,1
115,8,29,11,19,653,14,11,0,1,0,0,0,0,72759,1169936,0,0.888510850298237,1.07197368481333,14,1,0.362,0.638,0.191,0.143,0.571,0.286,14,1
116,8,29,11,19,592,14,11,0,1,0,0,0,0,72759,1169936,0,0.888510850298237,1.07197368481333,14,1,0.362,0.638,0.191,0.143,0.571,0.286,14,1
117,9,29,3,16,1562,5,3,1,0,0,0,0,0,73615,1169936,0,0.841667859694206,1.05950870520048,1,0.466,0.743,0.257,0.057,0,0.889,0.111,1,0.448
118,9,29,3,16,1265,5,3,1,0,0,0,1,0,73615,1169936,0,0.841667859694206,1.05950870520048,1,0.466,0.743,0.257,0.057,0,0.889,0.111,1,0.448
119,9,29,3,16,739,5,3,0,1,0,0,0,0,73615,1169936,0,0.841667859694206,1.05950870520048,1,0.466,0.743,0.257,0.057,0,0.889,0.111,1,0.448
120,9,29,3,16,295,5,3,0,1,0,0,0,0,73615,1169936,0,0.841667859694206,1.05950870520048,1,0.466,0.743,0.257,0.057,0,0.889,0.111,1,0.448
121,9,29,3,16,1450,5,3,0,1,0,0,0,0,73615,1169936,0,0.841667859694206,1.05950870520048,1,0.466,0.743,0.257,0.057,0,0.889,0.111,1,0.448
122,10,29,9,4,2001,7,9,1,0,0,1,0,0,83744,1169936,0,1.09409344256163,0.931359062539804,7,0.663,1,0,0,1,0,0,7,0.698
123,10,29,9,4,2125,7,9,1,0,0,0,0,0,83744,1169936,0,1.09409344256163,0.931359062539804,7,0.663,1,0,0,1,0,0,7,0.698
124,10,29,9,4,2514,7,9,1,0,0,0,0,0,83744,1169936,0,1.09409344256163,0.931359062539804,7,0.663,1,0,0,1,0,0,7,0.698
125,10,29,9,4,2080,7,9,1,0,0,0,0,0,83744,1169936,0,1.09409344256163,0.931359062539804,7,0.663,1,0,0,1,0,0,7,0.698
126,10,29,9,4,2394,7,9,1,0,0,0,0,0,83744,1169936,0,1.09409344256163,0.931359062539804,7,0.663,1,0,0,1,0,0,7,0.698
127,10,29,9,4,3044,7,9,1,0,0,0,0,0,83744,1169936,0,1.09409344256163,0.931359062539804,7,0.663,1,0,0,1,0,0,7,0.698
128,10,29,9,4,1403,7,9,1,0,0,0,0,0,83744,1169936,0,1.09409344256163,0.931359062539804,7,0.663,1,0,0,1,0,0,7,0.698
129,10,29,9,4,1323,7,9,1,0,0,0,0,0,83744,1169936,0,1.09409344256163,0.931359062539804,7,0.663,1,0,0,1,0,0,7,0.698
130,10,29,9,4,701,7,9,1,0,0,0,0,0,83744,1169936,0,1.09409344256163,0.931359062539804,7,0.663,1,0,0,1,0,0,7,0.698
131,10,29,9,4,1360,7,9,1,0,0,0,0,0,83744,1169936,0,1.09409344256163,0.931359062539804,7,0.663,1,0,0,1,0,0,7,0.698
132,10,29,9,4,1542,7,9,1,0,0,0,0,0,83744,1169936,0,1.09409344256163,0.931359062539804,7,0.663,1,0,0,1,0,0,7,0.698
133,10,29,9,4,1167,7,9,1,0,0,0,0,0,83744,1169936,0,1.09409344256163,0.931359062539804,7,0.663,1,0,0,1,0,0,7,0.698
134,10,29,9,4,1188,7,9,1,0,0,0,0,0,83744,1169936,0,1.09409344256163,0.931359062539804,7,0.663,1,0,0,1,0,0,7,0.698
135,10,29,9,4,1447,7,9,1,0,0,0,0,0,83744,1169936,0,1.09409344256163,0.931359062539804,7,0.663,1,0,0,1,0,0,7,0.698
136,10,29,9,4,548,7,9,1,0,0,0,0,0,83744,1169936,0,1.09409344256163,0.931359062539804,7,0.663,1,0,0,1,0,0,7,0.698
137,10,29,9,4,2903,7,9,1,0,0,0,0,0,83744,1169936,0,1.09409344256163,0.931359062539804,7,0.663,1,0,0,1,0,0,7,0.698
138,10,29,9,4,1246,7,9,1,0,0,1,0,0,83744,1169936,0,1.09409344256163,0.931359062539804,7,0.663,1,0,0,1,0,0,7,0.698
139,10,29,9,4,2936,7,9,1,0,0,1,0,0,83744,1169936,0,1.09409344256163,0.931359062539804,7,0.663,1,0,0,1,0,0,7,0.698
140,10,29,9,4,2732,7,9,1,0,0,0,0,0,83744,1169936,0,1.09409344256163,0.931359062539804,7,0.663,1,0,0,1,0,0,7,0.698
141,10,29,9,4,5298,7,9,1,0,0,0,0,0,83744,1169936,0,1.09409344256163,0.931359062539804,7,0.663,1,0,0,1,0,0,7,0.698
142,10,29,9,4,2679,7,9,1,0,0,0,0,0,83744,1169936,0,1.09409344256163,0.931359062539804,7,0.663,1,0,0,1,0,0,7,0.698
143,10,29,9,4,2040,7,9,1,0,0,1,0,0,83744,1169936,0,1.09409344256163,0.931359062539804,7,0.663,1,0,0,1,0,0,7,0.698
144,10,29,9,4,4221,7,9,1,0,0,0,0,0,83744,1169936,0,1.09409344256163,0.931359062539804,7,0.663,1,0,0,1,0,0,7,0.698
145,10,29,9,5,2471,7,9,1,0,0,0,0,0,83744,1169936,0,1.03930290052439,0.931359062539804,7,0.663,0.87,0.13,0.043,0.667,0.167,0.167,7,0.698
146,10,29,9,5,2085,7,9,0,1,1,0,1,0,83744,1169936,0,1.03930290052439,0.931359062539804,7,0.663,0.87,0.13,0.043,0.667,0.167,0.167,7,0.698
147,10,29,9,5,1964,7,9,1,0,0,0,0,0,83744,1169936,0,1.03930290052439,0.931359062539804,7,0.663,0.87,0.13,0.043,0.667,0.167,0.167,7,0.698
148,10,29,9,5,2110,7,9,1,0,0,0,0,0,83744,1169936,0,1.03930290052439,0.931359062539804,7,0.663,0.87,0.13,0.043,0.667,0.167,0.167,7,0.698
149,10,29,9,4,3809,7,9,1,0,0,0,0,0,83744,1169936,0,1.09409344256163,0.931359062539804,7,0.663,1,0,0,1,0,0,7,0.698
150,52,29,9,5,2334,6,9,1,0,0,1,0,0,83744,1169936,0,1.03930290052439,0.931359062539804,7,0.663,0.87,0.13,0.043,0.667,0.167,0.167,7,0.698
151,52,29,9,5,6268,6,9,1,0,0,1,0,0,83744,1169936,0,1.03930290052439,0.931359062539804,7,0.663,0.87,0.13,0.043,0.667,0.167,0.167,7,0.698
152,52,29,9,5,4054,6,9,1,0,0,0,0,0,83744,1169936,0,1.03930290052439,0.931359062539804,7,0.663,0.87,0.13,0.043,0.667,0.167,0.167,7,0.698
153,52,29,9,5,1998,6,9,1,0,0,0,0,0,83744,1169936,0,1.03930290052439,0.931359062539804,7,0.663,0.87,0.13,0.043,0.667,0.167,0.167,7,0.698
154,52,29,9,5,1910,6,9,1,0,0,1,0,0,83744,1169936,0,1.03930290052439,0.931359062539804,7,0.663,0.87,0.13,0.043,0.667,0.167,0.167,7,0.698
155,52,29,9,5,2270,6,9,1,0,0,1,0,0,83744,1169936,0,1.03930290052439,0.931359062539804,7,0.663,0.87,0.13,0.043,0.667,0.167,0.167,7,0.698
156,10,29,9,4,2225,7,9,1,0,0,0,0,0,83744,1169936,0,1.09409344256163,0.931359062539804,7,0.663,1,0,0,1,0,0,7,0.698
157,10,29,9,4,1354,7,9,1,0,0,0,0,0,83744,1169936,0,1.09409344256163,0.931359062539804,7,0.663,1,0,0,1,0,0,7,0.698
158,51,29,12,5,3502,6,12,1,0,0,0,0,0,83320,1169936,0,1.03930290052439,0.936098575772123,11,0.411,0.87,0.13,0.043,0.667,0.167,0.167,11,0.442
159,51,29,12,5,2916,6,12,1,0,0,0,0,0,83320,1169936,0,1.03930290052439,0.936098575772123,11,0.411,0.87,0.13,0.043,0.667,0.167,0.167,11,0.442
160,51,29,12,5,3673,6,12,1,0,0,0,0,0,83320,1169936,0,1.03930290052439,0.936098575772123,11,0.411,0.87,0.13,0.043,0.667,0.167,0.167,11,0.442
161,11,29,5,12,2085,4,5,0,1,1,0,1,0,71768,1169936,0,1.02602024439911,1.08677590755397,3,0.177,0.157,0.843,0.2,0,0.75,0.25,3,0.294
162,11,29,5,12,1269,4,5,0,1,1,0,0,0,71768,1169936,0,1.02602024439911,1.08677590755397,3,0.177,0.157,0.843,0.2,0,0.75,0.25,3,0.294
163,11,29,5,12,680,4,5,0,1,0,0,0,0,71768,1169936,0,1.02602024439911,1.08677590755397,3,0.177,0.157,0.843,0.2,0,0.75,0.25,3,0.294
164,11,29,5,12,558,4,5,0,1,0,0,0,0,71768,1169936,0,1.02602024439911,1.08677590755397,3,0.177,0.157,0.843,0.2,0,0.75,0.25,3,0.294
165,12,29,5,12,2512,3,5,0,1,1,0,0,0,71768,1169936,0,1.02602024439911,1.08677590755397,3,0.177,0.157,0.843,0.2,0,0.75,0.25,3,0.294
166,12,29,5,12,64,3,5,0,1,0,0,0,0,71768,1169936,0,1.02602024439911,1.08677590755397,3,0.177,0.157,0.843,0.2,0,0.75,0.25,3,0.294
167,12,29,5,12,244,3,5,0,1,0,0,1,0,71768,1169936,0,1.02602024439911,1.08677590755397,3,0.177,0.157,0.843,0.2,0,0.75,0.25,3,0.294
168,12,29,5,12,948,3,5,1,0,0,0,0,0,71768,1169936,0,1.02602024439911,1.08677590755397,3,0.177,0.157,0.843,0.2,0,0.75,0.25,3,0.294
169,12,29,5,12,361,3,5,0,1,0,0,0,0,71768,1169936,0,1.02602024439911,1.08677590755397,3,0.177,0.157,0.843,0.2,0,0.75,0.25,3,0.294
170,12,29,5,12,952,3,5,0,1,0,0,0,0,71768,1169936,0,1.02602024439911,1.08677590755397,3,0.177,0.157,0.843,0.2,0,0.75,0.25,3,0.294
171,12,29,5,12,434,3,5,0,1,0,0,0,0,71768,1169936,0,1.02602024439911,1.08677590755397,3,0.177,0.157,0.843,0.2,0,0.75,0.25,3,0.294
172,12,29,5,12,386,3,5,0,1,0,0,0,0,71768,1169936,0,1.02602024439911,1.08677590755397,3,0.177,0.157,0.843,0.2,0,0.75,0.25,3,0.294
173,12,29,5,12,471,3,5,0,1,0,0,0,0,71768,1169936,0,1.02602024439911,1.08677590755397,3,0.177,0.157,0.843,0.2,0,0.75,0.25,3,0.294
174,12,29,5,12,272,3,5,0,1,0,0,0,0,71768,1169936,0,1.02602024439911,1.08677590755397,3,0.177,0.157,0.843,0.2,0,0.75,0.25,3,0.294
175,12,29,5,12,736,3,5,0,1,0,0,0,0,71768,1169936,0,1.02602024439911,1.08677590755397,3,0.177,0.157,0.843,0.2,0,0.75,0.25,3,0.294
176,12,29,5,12,472,3,5,0,1,0,0,0,0,71768,1169936,0,1.02602024439911,1.08677590755397,3,0.177,0.157,0.843,0.2,0,0.75,0.25,3,0.294
177,12,29,5,12,475,3,5,0,1,0,0,0,0,71768,1169936,0,1.02602024439911,1.08677590755397,3,0.177,0.157,0.843,0.2,0,0.75,0.25,3,0.294
178,13,29,10,18,4978,15,10,0,1,1,1,0,0,72211,1169936,0,1.0306398685642,1.08010875536045,15,1,0.487,0.512,0.179,0.778,0.222,0,15,1
179,13,29,10,18,5322,15,10,1,0,0,1,0,0,72211,1169936,0,1.0306398685642,1.08010875536045,15,1,0.487,0.512,0.179,0.778,0.222,0,15,1
180,13,29,11,19,4920,14,11,0,1,1,0,0,0,72759,1169936,0,0.888510850298237,1.07197368481333,14,1,0.362,0.638,0.191,0.143,0.571,0.286,14,1
181,13,29,10,18,2581,15,10,1,0,0,0,0,0,72211,1169936,0,1.0306398685642,1.08010875536045,15,1,0.487,0.512,0.179,0.778,0.222,0,15,1
182,13,29,10,18,1910,15,10,1,0,0,0,0,0,72211,1169936,0,1.0306398685642,1.08010875536045,15,1,0.487,0.512,0.179,0.778,0.222,0,15,1
183,13,29,10,18,2642,15,10,1,0,0,0,0,0,72211,1169936,0,1.0306398685642,1.08010875536045,15,1,0.487,0.512,0.179,0.778,0.222,0,15,1
184,13,29,10,18,1680,15,10,1,0,0,0,0,0,72211,1169936,0,1.0306398685642,1.08010875536045,15,1,0.487,0.512,0.179,0.778,0.222,0,15,1
185,13,29,10,18,1705,15,10,1,0,0,0,0,0,72211,1169936,0,1.0306398685642,1.08010875536045,15,1,0.487,0.512,0.179,0.778,0.222,0,15,1
186,13,29,10,18,1350,15,10,1,0,0,0,0,0,72211,1169936,0,1.0306398685642,1.08010875536045,15,1,0.487,0.512,0.179,0.778,0.222,0,15,1
187,13,29,10,18,2357,15,10,1,0,0,1,0,0,72211,1169936,0,1.0306398685642,1.08010875536045,15,1,0.487,0.512,0.179,0.778,0.222,0,15,1
188,13,29,11,18,5455,14,11,1,0,0,0,0,0,72759,1169936,0,1.0306398685642,1.07197368481333,14,1,0.487,0.512,0.179,0.778,0.222,0,14,1
189,13,29,10,18,1732,15,10,1,0,0,0,0,0,72211,1169936,0,1.0306398685642,1.08010875536045,15,1,0.487,0.512,0.179,0.778,0.222,0,15,1
190,13,29,10,18,1241,15,10,1,0,0,1,0,0,72211,1169936,0,1.0306398685642,1.08010875536045,15,1,0.487,0.512,0.179,0.778,0.222,0,15,1
191,13,29,10,18,1705,15,10,1,0,0,1,0,0,72211,1169936,0,1.0306398685642,1.08010875536045,15,1,0.487,0.512,0.179,0.778,0.222,0,15,1
192,13,29,10,18,2690,15,10,1,0,0,0,0,0,72211,1169936,0,1.0306398685642,1.08010875536045,15,1,0.487,0.512,0.179,0.778,0.222,0,15,1
193,13,29,10,18,549,15,10,0,1,1,0,0,0,72211,1169936,0,1.0306398685642,1.08010875536045,15,1,0.487,0.512,0.179,0.778,0.222,0,15,1
194,13,29,10,18,3480,15,10,1,0,0,1,0,0,72211,1169936,0,1.0306398685642,1.08010875536045,15,1,0.487,0.512,0.179,0.778,0.222,0,15,1
195,13,29,10,18,2210,15,10,1,0,0,0,0,0,72211,1169936,0,1.0306398685642,1.08010875536045,15,1,0.487,0.512,0.179,0.778,0.222,0,15,1
196,13,29,11,18,1505,14,11,0,1,1,0,0,0,72759,1169936,0,1.0306398685642,1.07197368481333,14,1,0.487,0.512,0.179,0.778,0.222,0,14,1
197,13,29,11,19,316,14,11,0,1,0,0,0,0,72759,1169936,0,0.888510850298237,1.07197368481333,14,1,0.362,0.638,0.191,0.143,0.571,0.286,14,1
198,13,29,11,19,712,14,11,0,1,0,1,0,0,72759,1169936,0,0.888510850298237,1.07197368481333,14,1,0.362,0.638,0.191,0.143,0.571,0.286,14,1
199,13,29,11,18,896,14,11,0,1,0,0,0,0,72759,1169936,0,1.0306398685642,1.07197368481333,14,1,0.487,0.512,0.179,0.778,0.222,0,14,1
200,13,29,11,18,1907,14,11,1,0,0,0,0,0,72759,1169936,0,1.0306398685642,1.07197368481333,14,1,0.487,0.512,0.179,0.778,0.222,0,14,1
201,13,29,11,19,4779,14,11,0,1,1,0,0,0,72759,1169936,0,0.888510850298237,1.07197368481333,14,1,0.362,0.638,0.191,0.143,0.571,0.286,14,1
202,13,29,11,19,721,14,11,0,1,0,0,0,0,72759,1169936,0,0.888510850298237,1.07197368481333,14,1,0.362,0.638,0.191,0.143,0.571,0.286,14,1
203,13,29,11,19,2802,14,11,0,1,1,0,0,0,72759,1169936,0,0.888510850298237,1.07197368481333,14,1,0.362,0.638,0.191,0.143,0.571,0.286,14,1
204,13,29,11,19,3154,14,11,0,1,1,0,0,0,72759,1169936,0,0.888510850298237,1.07197368481333,14,1,0.362,0.638,0.191,0.143,0.571,0.286,14,1
205,13,29,10,18,377,15,10,0,1,0,0,0,0,72211,1169936,0,1.0306398685642,1.08010875536045,15,1,0.487,0.512,0.179,0.778,0.222,0,15,1
206,13,29,10,18,1447,15,10,0,1,1,0,0,0,72211,1169936,0,1.0306398685642,1.08010875536045,15,1,0.487,0.512,0.179,0.778,0.222,0,15,1
207,13,29,10,18,1048,15,10,0,1,1,0,1,0,72211,1169936,0,1.0306398685642,1.08010875536045,15,1,0.487,0.512,0.179,0.778,0.222,0,15,1
208,13,29,10,18,1098,15,10,0,1,0,0,0,0,72211,1169936,0,1.0306398685642,1.08010875536045,15,1,0.487,0.512,0.179,0.778,0.222,0,15,1
209,13,29,10,18,1027,15,10,0,1,1,0,0,0,72211,1169936,0,1.0306398685642,1.08010875536045,15,1,0.487,0.512,0.179,0.778,0.222,0,15,1
210,13,29,10,18,369,15,10,0,1,0,0,1,0,72211,1169936,0,1.0306398685642,1.08010875536045,15,1,0.487,0.512,0.179,0.778,0.222,0,15,1
211,13,29,10,18,1227,15,10,0,1,1,0,0,0,72211,1169936,0,1.0306398685642,1.08010875536045,15,1,0.487,0.512,0.179,0.778,0.222,0,15,1
212,13,29,11,19,675,14,11,0,1,0,0,0,0,72759,1169936,0,0.888510850298237,1.07197368481333,14,1,0.362,0.638,0.191,0.143,0.571,0.286,14,1
213,13,29,10,19,4234,15,10,1,0,0,0,0,0,72211,1169936,0,0.888510850298237,1.08010875536045,15,1,0.362,0.638,0.191,0.143,0.571,0.286,15,1
214,13,29,10,19,2980,15,10,1,0,0,0,0,0,72211,1169936,0,0.888510850298237,1.08010875536045,15,1,0.362,0.638,0.191,0.143,0.571,0.286,15,1
215,13,29,10,18,418,15,10,0,1,0,1,0,0,72211,1169936,0,1.0306398685642,1.08010875536045,15,1,0.487,0.512,0.179,0.778,0.222,0,15,1
216,13,29,10,18,1280,15,10,0,1,0,0,0,0,72211,1169936,0,1.0306398685642,1.08010875536045,15,1,0.487,0.512,0.179,0.778,0.222,0,15,1
217,13,29,10,18,1024,15,10,1,0,0,0,0,0,72211,1169936,0,1.0306398685642,1.08010875536045,15,1,0.487,0.512,0.179,0.778,0.222,0,15,1
218,13,29,10,18,842,15,10,1,0,0,0,0,0,72211,1169936,0,1.0306398685642,1.08010875536045,15,1,0.487,0.512,0.179,0.778,0.222,0,15,1
219,13,29,10,18,1693,15,10,1,0,0,0,0,0,72211,1169936,0,1.0306398685642,1.08010875536045,15,1,0.487,0.512,0.179,0.778,0.222,0,15,1
220,14,29,5,12,2726,3,5,0,1,1,0,0,0,71768,1169936,0,1.02602024439911,1.08677590755397,3,0.177,0.157,0.843,0.2,0,0.75,0.25,3,0.294
221,14,29,5,12,2346,3,5,1,0,0,0,0,0,71768,1169936,0,1.02602024439911,1.08677590755397,3,0.177,0.157,0.843,0.2,0,0.75,0.25,3,0.294
222,14,29,5,12,1518,3,5,0,1,1,0,0,0,71768,1169936,0,1.02602024439911,1.08677590755397,3,0.177,0.157,0.843,0.2,0,0.75,0.25,3,0.294
223,14,29,5,12,499,3,5,0,1,0,0,0,0,71768,1169936,0,1.02602024439911,1.08677590755397,3,0.177,0.157,0.843,0.2,0,0.75,0.25,3,0.294
224,14,29,5,12,881,3,5,0,1,1,0,0,0,71768,1169936,0,1.02602024439911,1.08677590755397,3,0.177,0.157,0.843,0.2,0,0.75,0.25,3,0.294
225,14,29,5,12,357,3,5,0,1,0,0,0,0,71768,1169936,0,1.02602024439911,1.08677590755397,3,0.177,0.157,0.843,0.2,0,0.75,0.25,3,0.294
226,14,29,5,12,641,3,5,0,1,0,0,0,0,71768,1169936,0,1.02602024439911,1.08677590755397,3,0.177,0.157,0.843,0.2,0,0.75,0.25,3,0.294
227,14,29,5,12,733,3,5,0,1,0,0,0,0,71768,1169936,0,1.02602024439911,1.08677590755397,3,0.177,0.157,0.843,0.2,0,0.75,0.25,3,0.294
228,14,29,5,12,2916,3,5,1,0,0,0,0,0,71768,1169936,0,1.02602024439911,1.08677590755397,3,0.177,0.157,0.843,0.2,0,0.75,0.25,3,0.294
229,14,29,5,12,149,3,5,0,1,0,0,0,0,71768,1169936,0,1.02602024439911,1.08677590755397,3,0.177,0.157,0.843,0.2,0,0.75,0.25,3,0.294
230,14,29,5,12,726,3,5,0,1,0,0,0,1,71768,1169936,0,1.02602024439911,1.08677590755397,3,0.177,0.157,0.843,0.2,0,0.75,0.25,3,0.294
231,14,29,5,12,395,3,5,0,1,0,0,0,0,71768,1169936,0,1.02602024439911,1.08677590755397,3,0.177,0.157,0.843,0.2,0,0.75,0.25,3,0.294
232,15,29,6,11,2481,3,6,0,1,1,0,0,0,81445,1169936,0,1.00067570688349,0.957649129269241,10,0.398,0.46,0.54,0.18,0.2,0.8,0,10,0.389
233,15,29,6,11,1868,3,6,1,0,0,0,0,0,81445,1169936,0,1.00067570688349,0.957649129269241,10,0.398,0.46,0.54,0.18,0.2,0.8,0,10,0.389
234,15,29,6,11,1663,3,6,1,0,0,0,0,0,81445,1169936,0,1.00067570688349,0.957649129269241,10,0.398,0.46,0.54,0.18,0.2,0.8,0,10,0.389
235,15,29,6,11,210,3,6,0,1,0,0,0,0,81445,1169936,0,1.00067570688349,0.957649129269241,10,0.398,0.46,0.54,0.18,0.2,0.8,0,10,0.389
236,15,29,6,11,320,3,6,0,1,0,0,0,0,81445,1169936,0,1.00067570688349,0.957649129269241,10,0.398,0.46,0.54,0.18,0.2,0.8,0,10,0.389
237,15,29,6,11,503,3,6,0,1,0,0,0,0,81445,1169936,0,1.00067570688349,0.957649129269241,10,0.398,0.46,0.54,0.18,0.2,0.8,0,10,0.389
238,15,29,6,11,411,3,6,0,1,0,0,0,0,81445,1169936,0,1.00067570688349,0.957649129269241,10,0.398,0.46,0.54,0.18,0.2,0.8,0,10,0.389
239,15,29,6,11,352,3,6,0,1,0,0,1,0,81445,1169936,0,1.00067570688349,0.957649129269241,10,0.398,0.46,0.54,0.18,0.2,0.8,0,10,0.389
240,15,29,6,11,1048,3,6,0,1,1,0,0,0,81445,1169936,0,1.00067570688349,0.957649129269241,10,0.398,0.46,0.54,0.18,0.2,0.8,0,10,0.389
241,15,29,6,11,2348,3,6,0,1,1,0,0,0,81445,1169936,0,1.00067570688349,0.957649129269241,10,0.398,0.46,0.54,0.18,0.2,0.8,0,10,0.389
242,15,29,6,11,1951,3,6,1,0,0,0,0,0,81445,1169936,0,1.00067570688349,0.957649129269241,10,0.398,0.46,0.54,0.18,0.2,0.8,0,10,0.389
243,15,29,6,11,189,3,6,0,1,0,0,0,0,81445,1169936,0,1.00067570688349,0.957649129269241,10,0.398,0.46,0.54,0.18,0.2,0.8,0,10,0.389
244,15,29,6,11,614,3,6,0,1,0,0,0,0,81445,1169936,0,1.00067570688349,0.957649129269241,10,0.398,0.46,0.54,0.18,0.2,0.8,0,10,0.389
245,15,29,6,11,2863,3,6,1,0,0,0,0,0,81445,1169936,0,1.00067570688349,0.957649129269241,10,0.398,0.46,0.54,0.18,0.2,0.8,0,10,0.389
246,15,29,6,11,886,3,6,1,0,0,0,0,0,81445,1169936,0,1.00067570688349,0.957649129269241,10,0.398,0.46,0.54,0.18,0.2,0.8,0,10,0.389
247,15,29,6,11,1977,3,6,1,0,0,0,0,0,81445,1169936,0,1.00067570688349,0.957649129269241,10,0.398,0.46,0.54,0.18,0.2,0.8,0,10,0.389
248,15,29,6,11,1490,3,6,0,1,1,0,0,0,81445,1169936,0,1.00067570688349,0.957649129269241,10,0.398,0.46,0.54,0.18,0.2,0.8,0,10,0.389
249,15,29,6,11,833,3,6,0,1,1,0,0,0,81445,1169936,0,1.00067570688349,0.957649129269241,10,0.398,0.46,0.54,0.18,0.2,0.8,0,10,0.389
250,15,29,6,11,1195,3,6,0,1,1,0,0,0,81445,1169936,0,1.00067570688349,0.957649129269241,10,0.398,0.46,0.54,0.18,0.2,0.8,0,10,0.389
251,15,29,6,11,3672,3,6,1,0,0,0,0,0,81445,1169936,0,1.00067570688349,0.957649129269241,10,0.398,0.46,0.54,0.18,0.2,0.8,0,10,0.389
252,15,29,6,11,2612,3,6,1,0,0,0,0,0,81445,1169936,0,1.00067570688349,0.957649129269241,10,0.398,0.46,0.54,0.18,0.2,0.8,0,10,0.389
253,15,29,6,11,2007,3,6,0,1,1,0,0,0,81445,1169936,0,1.00067570688349,0.957649129269241,10,0.398,0.46,0.54,0.18,0.2,0.8,0,10,0.389
254,58,29,14,10,3562,10,14,1,0,0,0,0,0,81423,1169936,0,1.0489698462951,0.957907880246777,2,0.334,0.6,0.4,0.2,1,0,0,2,0.434
255,58,29,14,10,3283,10,14,1,0,0,0,0,0,81423,1169936,0,1.0489698462951,0.957907880246777,2,0.334,0.6,0.4,0.2,1,0,0,2,0.434
256,15,29,6,11,1803,3,6,1,0,0,0,0,0,81445,1169936,0,1.00067570688349,0.957649129269241,10,0.398,0.46,0.54,0.18,0.2,0.8,0,10,0.389
257,15,29,6,11,1245,3,6,1,0,0,0,0,0,81445,1169936,0,1.00067570688349,0.957649129269241,10,0.398,0.46,0.54,0.18,0.2,0.8,0,10,0.389
258,15,29,6,11,623,3,6,1,0,0,1,0,0,81445,1169936,0,1.00067570688349,0.957649129269241,10,0.398,0.46,0.54,0.18,0.2,0.8,0,10,0.389
259,16,29,10,19,1879,15,10,1,0,0,0,0,0,72211,1169936,0,0.888510850298237,1.08010875536045,15,1,0.362,0.638,0.191,0.143,0.571,0.286,15,1
260,16,29,10,19,1540,15,10,1,0,0,0,0,0,72211,1169936,0,0.888510850298237,1.08010875536045,15,1,0.362,0.638,0.191,0.143,0.571,0.286,15,1
261,16,29,10,19,1890,15,10,1,0,0,0,0,0,72211,1169936,0,0.888510850298237,1.08010875536045,15,1,0.362,0.638,0.191,0.143,0.571,0.286,15,1
262,16,29,10,19,1482,15,10,1,0,0,0,0,0,72211,1169936,0,0.888510850298237,1.08010875536045,15,1,0.362,0.638,0.191,0.143,0.571,0.286,15,1
263,17,29,12,7,2550,11,12,1,0,0,0,0,1,83320,1169936,0,1.08293315067479,0.936098575772123,11,0.411,1,0,0,0,0.167,0.833,11,0.442
264,17,29,12,7,2603,11,12,1,0,0,0,0,0,83320,1169936,0,1.08293315067479,0.936098575772123,11,0.411,1,0,0,0,0.167,0.833,11,0.442
265,17,29,12,7,2537,11,12,1,0,0,0,0,0,83320,1169936,0,1.08293315067479,0.936098575772123,11,0.411,1,0,0,0,0.167,0.833,11,0.442
266,17,29,12,7,2020,11,12,1,0,0,0,0,1,83320,1169936,0,1.08293315067479,0.936098575772123,11,0.411,1,0,0,0,0.167,0.833,11,0.442
267,18,29,8,3,2215,5,8,1,0,0,0,0,0,76223,1169936,0,0.99176283195143,1.02325719708399,5,0.51,0.71,0.291,0.097,0,0,1,5,0.471
268,18,29,8,3,3290,5,8,1,0,0,0,0,0,76223,1169936,0,0.99176283195143,1.02325719708399,5,0.51,0.71,0.291,0.097,0,0,1,5,0.471
269,18,29,8,3,2167,5,8,1,0,0,0,0,0,76223,1169936,0,0.99176283195143,1.02325719708399,5,0.51,0.71,0.291,0.097,0,0,1,5,0.471
270,18,29,8,3,2048,5,8,1,0,0,0,0,1,76223,1169936,0,0.99176283195143,1.02325719708399,5,0.51,0.71,0.291,0.097,0,0,1,5,0.471
271,18,29,8,3,1989,5,8,1,0,0,0,0,0,76223,1169936,0,0.99176283195143,1.02325719708399,5,0.51,0.71,0.291,0.097,0,0,1,5,0.471
272,18,29,8,3,4111,5,8,1,0,0,0,0,0,76223,1169936,0,0.99176283195143,1.02325719708399,5,0.51,0.71,0.291,0.097,0,0,1,5,0.471
273,18,29,8,3,2726,5,8,1,0,0,0,0,0,76223,1169936,0,0.99176283195143,1.02325719708399,5,0.51,0.71,0.291,0.097,0,0,1,5,0.471
274,18,29,8,3,1608,5,8,1,0,0,0,0,1,76223,1169936,0,0.99176283195143,1.02325719708399,5,0.51,0.71,0.291,0.097,0,0,1,5,0.471
275,18,29,8,3,2281,5,8,1,0,0,0,0,0,76223,1169936,0,0.99176283195143,1.02325719708399,5,0.51,0.71,0.291,0.097,0,0,1,5,0.471
276,18,29,8,3,2713,5,8,1,0,0,0,0,0,76223,1169936,0,0.99176283195143,1.02325719708399,5,0.51,0.71,0.291,0.097,0,0,1,5,0.471
277,18,29,8,3,824,5,8,0,1,0,0,0,0,76223,1169936,0,0.99176283195143,1.02325719708399,5,0.51,0.71,0.291,0.097,0,0,1,5,0.471
278,18,29,8,3,786,5,8,1,0,0,0,0,1,76223,1169936,0,0.99176283195143,1.02325719708399,5,0.51,0.71,0.291,0.097,0,0,1,5,0.471
279,18,29,8,3,1989,5,8,1,0,0,0,0,1,76223,1169936,0,0.99176283195143,1.02325719708399,5,0.51,0.71,0.291,0.097,0,0,1,5,0.471
280,18,29,8,3,525,5,8,0,1,0,0,0,0,76223,1169936,0,0.99176283195143,1.02325719708399,5,0.51,0.71,0.291,0.097,0,0,1,5,0.471
281,18,29,8,3,2517,5,8,1,0,0,0,0,0,76223,1169936,0,0.99176283195143,1.02325719708399,5,0.51,0.71,0.291,0.097,0,0,1,5,0.471
282,18,29,8,3,667,5,8,0,1,0,0,0,0,76223,1169936,0,0.99176283195143,1.02325719708399,5,0.51,0.71,0.291,0.097,0,0,1,5,0.471
283,18,29,8,3,1953,5,8,1,0,0,0,0,0,76223,1169936,0,0.99176283195143,1.02325719708399,5,0.51,0.71,0.291,0.097,0,0,1,5,0.471
284,19,29,14,10,1789,3,14,1,0,0,0,0,0,81423,1169936,0,1.0489698462951,0.957907880246777,2,0.334,0.6,0.4,0.2,1,0,0,2,0.434
285,19,29,14,10,1475,3,14,1,0,0,0,0,0,81423,1169936,0,1.0489698462951,0.957907880246777,2,0.334,0.6,0.4,0.2,1,0,0,2,0.434
286,19,29,14,10,2583,3,14,1,0,0,0,0,0,81423,1169936,0,1.0489698462951,0.957907880246777,2,0.334,0.6,0.4,0.2,1,0,0,2,0.434
287,19,29,14,10,2511,3,14,1,0,0,1,0,0,81423,1169936,0,1.0489698462951,0.957907880246777,2,0.334,0.6,0.4,0.2,1,0,0,2,0.434
288,19,29,14,10,4071,3,14,1,0,0,0,0,0,81423,1169936,0,1.0489698462951,0.957907880246777,2,0.334,0.6,0.4,0.2,1,0,0,2,0.434
289,19,29,14,10,2003,3,14,0,1,1,0,0,0,81423,1169936,0,1.0489698462951,0.957907880246777,2,0.334,0.6,0.4,0.2,1,0,0,2,0.434
290,19,29,14,10,3367,3,14,1,0,0,0,0,0,81423,1169936,0,1.0489698462951,0.957907880246777,2,0.334,0.6,0.4,0.2,1,0,0,2,0.434
291,19,29,14,10,919,3,14,1,0,0,0,0,0,81423,1169936,0,1.0489698462951,0.957907880246777,2,0.334,0.6,0.4,0.2,1,0,0,2,0.434
292,20,29,1,12,1944,9,1,0,1,1,0,0,0,75680,1169936,0,1.02602024439911,1.03059901338971,9,1,0.157,0.843,0.2,0,0.75,0.25,9,1
293,20,29,1,12,1653,9,1,0,1,1,0,0,0,75680,1169936,0,1.02602024439911,1.03059901338971,9,1,0.157,0.843,0.2,0,0.75,0.25,9,1
294,20,29,1,12,1322,9,1,1,0,0,0,0,0,75680,1169936,0,1.02602024439911,1.03059901338971,9,1,0.157,0.843,0.2,0,0.75,0.25,9,1
295,60,29,1,12,3486,9,1,1,0,0,0,0,0,75680,1169936,0,1.02602024439911,1.03059901338971,9,1,0.157,0.843,0.2,0,0.75,0.25,9,1
296,60,29,1,12,2216,9,1,1,0,0,0,0,0,75680,1169936,0,1.02602024439911,1.03059901338971,9,1,0.157,0.843,0.2,0,0.75,0.25,9,1
297,20,29,1,12,1859,9,1,1,0,0,0,0,0,75680,1169936,0,1.02602024439911,1.03059901338971,9,1,0.157,0.843,0.2,0,0.75,0.25,9,1
298,20,29,1,12,1749,9,1,0,1,1,0,0,0,75680,1169936,0,1.02602024439911,1.03059901338971,9,1,0.157,0.843,0.2,0,0.75,0.25,9,1
299,21,29,1,13,3219,9,1,1,0,0,0,0,0,75680,1169936,0,1.00202728917948,1.03059901338971,9,1,0.188,0.812,0.333,0.167,0.833,0,9,1
300,21,29,1,13,1912,9,1,0,1,1,0,0,0,75680,1169936,0,1.00202728917948,1.03059901338971,9,1,0.188,0.812,0.333,0.167,0.833,0,9,1
301,21,29,1,13,2982,9,1,0,1,1,0,0,0,75680,1169936,0,1.00202728917948,1.03059901338971,9,1,0.188,0.812,0.333,0.167,0.833,0,9,1
302,21,29,1,13,3057,9,1,0,1,1,0,0,0,75680,1169936,0,1.00202728917948,1.03059901338971,9,1,0.188,0.812,0.333,0.167,0.833,0,9,1
303,21,29,1,13,1138,9,1,1,0,0,0,0,0,75680,1169936,0,1.00202728917948,1.03059901338971,9,1,0.188,0.812,0.333,0.167,0.833,0,9,1
304,21,29,1,13,1316,9,1,0,1,1,0,0,0,75680,1169936,0,1.00202728917948,1.03059901338971,9,1,0.188,0.812,0.333,0.167,0.833,0,9,1
305,21,29,1,13,543,9,1,0,1,0,0,0,0,75680,1169936,0,1.00202728917948,1.03059901338971,9,1,0.188,0.812,0.333,0.167,0.833,0,9,1
306,21,29,1,13,155,9,1,0,1,0,0,1,0,75680,1169936,0,1.00202728917948,1.03059901338971,9,1,0.188,0.812,0.333,0.167,0.833,0,9,1
307,21,29,1,13,689,9,1,0,1,0,0,0,0,75680,1169936,0,1.00202728917948,1.03059901338971,9,1,0.188,0.812,0.333,0.167,0.833,0,9,1
308,21,29,1,13,1554,9,1,0,1,1,0,0,0,75680,1169936,0,1.00202728917948,1.03059901338971,9,1,0.188,0.812,0.333,0.167,0.833,0,9,1
309,22,29,12,9,1627,11,12,1,0,0,1,0,0,83320,1169936,0,1.06452948407531,0.936098575772123,11,0.411,0.788,0.213,0.061,0.222,0.222,0.556,11,0.442
310,22,29,12,9,1704,11,12,1,0,0,0,0,1,83320,1169936,0,1.06452948407531,0.936098575772123,11,0.411,0.788,0.213,0.061,0.222,0.222,0.556,11,0.442
311,22,29,12,9,1537,11,12,1,0,0,0,0,0,83320,1169936,0,1.06452948407531,0.936098575772123,11,0.411,0.788,0.213,0.061,0.222,0.222,0.556,11,0.442
312,22,29,12,9,891,11,12,0,1,0,0,0,0,83320,1169936,0,1.06452948407531,0.936098575772123,11,0.411,0.788,0.213,0.061,0.222,0.222,0.556,11,0.442
313,46,29,12,9,2231,11,12,1,0,0,0,0,0,83320,1169936,0,1.06452948407531,0.936098575772123,11,0.411,0.788,0.213,0.061,0.222,0.222,0.556,11,0.442
314,46,29,12,9,2074,11,12,1,0,0,0,0,1,83320,1169936,0,1.06452948407531,0.936098575772123,11,0.411,0.788,0.213,0.061,0.222,0.222,0.556,11,0.442
315,46,29,12,9,1872,11,12,1,0,0,0,0,1,83320,1169936,0,1.06452948407531,0.936098575772123,11,0.411,0.788,0.213,0.061,0.222,0.222,0.556,11,0.442
316,45,29,14,10,1959,2,14,1,0,0,0,0,0,81423,1169936,0,1.0489698462951,0.957907880246777,2,0.334,0.6,0.4,0.2,1,0,0,2,0.434
317,45,29,14,10,2231,2,14,1,0,0,0,0,0,81423,1169936,0,1.0489698462951,0.957907880246777,2,0.334,0.6,0.4,0.2,1,0,0,2,0.434
318,23,29,14,10,1275,2,14,1,0,0,0,0,0,81423,1169936,0,1.0489698462951,0.957907880246777,2,0.334,0.6,0.4,0.2,1,0,0,2,0.434
319,23,29,14,10,3177,2,14,1,0,0,0,0,0,81423,1169936,0,1.0489698462951,0.957907880246777,2,0.334,0.6,0.4,0.2,1,0,0,2,0.434
320,23,29,14,10,678,2,14,1,0,0,0,0,0,81423,1169936,0,1.0489698462951,0.957907880246777,2,0.334,0.6,0.4,0.2,1,0,0,2,0.434
321,23,29,14,10,1218,2,14,0,1,1,0,0,0,81423,1169936,0,1.0489698462951,0.957907880246777,2,0.334,0.6,0.4,0.2,1,0,0,2,0.434
322,23,29,14,10,1334,2,14,0,1,1,0,0,0,81423,1169936,0,1.0489698462951,0.957907880246777,2,0.334,0.6,0.4,0.2,1,0,0,2,0.434
323,23,29,14,10,2380,2,14,1,0,0,0,0,0,81423,1169936,0,1.0489698462951,0.957907880246777,2,0.334,0.6,0.4,0.2,1,0,0,2,0.434
324,23,29,14,10,982,2,14,1,0,0,0,0,0,81423,1169936,0,1.0489698462951,0.957907880246777,2,0.334,0.6,0.4,0.2,1,0,0,2,0.434
325,23,29,14,10,1679,2,14,1,0,0,0,0,0,81423,1169936,0,1.0489698462951,0.957907880246777,2,0.334,0.6,0.4,0.2,1,0,0,2,0.434
326,23,29,14,10,2702,2,14,1,0,0,0,0,0,81423,1169936,0,1.0489698462951,0.957907880246777,2,0.334,0.6,0.4,0.2,1,0,0,2,0.434
327,23,29,14,10,2124,2,14,1,0,0,0,0,0,81423,1169936,0,1.0489698462951,0.957907880246777,2,0.334,0.6,0.4,0.2,1,0,0,2,0.434
328,23,29,14,10,1206,2,14,0,1,1,0,0,0,81423,1169936,0,1.0489698462951,0.957907880246777,2,0.334,0.6,0.4,0.2,1,0,0,2,0.434
329,23,29,14,10,1925,2,14,0,1,1,0,0,0,81423,1169936,0,1.0489698462951,0.957907880246777,2,0.334,0.6,0.4,0.2,1,0,0,2,0.434
330,23,29,14,10,1567,2,14,1,0,0,0,0,0,81423,1169936,0,1.0489698462951,0.957907880246777,2,0.334,0.6,0.4,0.2,1,0,0,2,0.434
331,23,29,14,10,1601,2,14,0,1,1,0,0,0,81423,1169936,0,1.0489698462951,0.957907880246777,2,0.334,0.6,0.4,0.2,1,0,0,2,0.434
332,24,29,6,11,658,10,6,1,0,0,0,0,0,81445,1169936,0,1.00067570688349,0.957649129269241,10,0.398,0.46,0.54,0.18,0.2,0.8,0,10,0.389
333,24,29,6,11,2143,10,6,1,0,0,0,0,0,81445,1169936,0,1.00067570688349,0.957649129269241,10,0.398,0.46,0.54,0.18,0.2,0.8,0,10,0.389
334,24,29,6,11,1337,10,6,1,0,0,0,1,0,81445,1169936,0,1.00067570688349,0.957649129269241,10,0.398,0.46,0.54,0.18,0.2,0.8,0,10,0.389
335,24,29,6,11,1227,10,6,1,0,0,0,1,0,81445,1169936,0,1.00067570688349,0.957649129269241,10,0.398,0.46,0.54,0.18,0.2,0.8,0,10,0.389
336,24,29,6,11,3472,10,6,1,0,0,0,0,0,81445,1169936,0,1.00067570688349,0.957649129269241,10,0.398,0.46,0.54,0.18,0.2,0.8,0,10,0.389
337,24,29,6,11,2171,10,6,1,0,0,0,0,0,81445,1169936,0,1.00067570688349,0.957649129269241,10,0.398,0.46,0.54,0.18,0.2,0.8,0,10,0.389
338,24,29,6,11,2892,10,6,1,0,0,0,0,0,81445,1169936,0,1.00067570688349,0.957649129269241,10,0.398,0.46,0.54,0.18,0.2,0.8,0,10,0.389
339,24,29,6,11,104,10,6,1,0,0,0,0,0,81445,1169936,0,1.00067570688349,0.957649129269241,10,0.398,0.46,0.54,0.18,0.2,0.8,0,10,0.389
340,24,29,6,11,1585,10,6,0,1,1,0,0,0,81445,1169936,0,1.00067570688349,0.957649129269241,10,0.398,0.46,0.54,0.18,0.2,0.8,0,10,0.389
341,24,29,6,11,129,10,6,0,1,0,0,0,0,81445,1169936,0,1.00067570688349,0.957649129269241,10,0.398,0.46,0.54,0.18,0.2,0.8,0,10,0.389
342,24,29,6,11,2269,10,6,0,1,1,0,0,0,81445,1169936,0,1.00067570688349,0.957649129269241,10,0.398,0.46,0.54,0.18,0.2,0.8,0,10,0.389
343,24,29,6,11,867,10,6,0,1,0,0,0,0,81445,1169936,0,1.00067570688349,0.957649129269241,10,0.398,0.46,0.54,0.18,0.2,0.8,0,10,0.389
344,24,29,6,11,1010,10,6,1,0,0,0,0,0,81445,1169936,0,1.00067570688349,0.957649129269241,10,0.398,0.46,0.54,0.18,0.2,0.8,0,10,0.389
345,24,29,6,11,2074,10,6,1,0,0,0,0,0,81445,1169936,0,1.00067570688349,0.957649129269241,10,0.398,0.46,0.54,0.18,0.2,0.8,0,10,0.389
346,24,29,6,11,2039,10,6,1,0,0,0,0,0,81445,1169936,0,1.00067570688349,0.957649129269241,10,0.398,0.46,0.54,0.18,0.2,0.8,0,10,0.389
347,24,29,6,11,2393,10,6,1,0,0,0,1,0,81445,1169936,0,1.00067570688349,0.957649129269241,10,0.398,0.46,0.54,0.18,0.2,0.8,0,10,0.389
348,25,29,15,7,4149,12,15,1,0,0,0,0,0,81461,1169936,0,1.08293315067479,0.957461034523678,12,0.856,1,0,0,0,0.167,0.833,12,0.739
349,25,29,15,7,5114,12,15,1,0,0,0,0,0,81461,1169936,0,1.08293315067479,0.957461034523678,12,0.856,1,0,0,0,0.167,0.833,12,0.739
350,25,29,15,6,6141,12,15,1,0,0,0,0,0,81461,1169936,0,1.01887282116933,0.957461034523678,12,0.856,0.875,0.124,0.062,1,0,0,12,0.739
351,25,29,15,6,4789,12,15,1,0,0,0,0,0,81461,1169936,0,1.01887282116933,0.957461034523678,12,0.856,0.875,0.124,0.062,1,0,0,12,0.739
352,25,29,15,6,3035,12,15,1,0,0,0,0,0,81461,1169936,0,1.01887282116933,0.957461034523678,12,0.856,0.875,0.124,0.062,1,0,0,12,0.739
353,25,29,15,6,4661,12,15,1,0,0,0,0,0,81461,1169936,0,1.01887282116933,0.957461034523678,12,0.856,0.875,0.124,0.062,1,0,0,12,0.739
354,25,29,15,6,3784,12,15,1,0,0,0,0,0,81461,1169936,0,1.01887282116933,0.957461034523678,12,0.856,0.875,0.124,0.062,1,0,0,12,0.739
355,25,29,15,6,3371,12,15,1,0,0,0,0,0,81461,1169936,0,1.01887282116933,0.957461034523678,12,0.856,0.875,0.124,0.062,1,0,0,12,0.739
356,25,29,15,6,4321,12,15,1,0,0,0,0,0,81461,1169936,0,1.01887282116933,0.957461034523678,12,0.856,0.875,0.124,0.062,1,0,0,12,0.739
357,25,29,15,6,3392,12,15,1,0,0,0,0,0,81461,1169936,0,1.01887282116933,0.957461034523678,12,0.856,0.875,0.124,0.062,1,0,0,12,0.739
358,25,29,15,6,3381,12,15,1,0,0,0,0,0,81461,1169936,0,1.01887282116933,0.957461034523678,12,0.856,0.875,0.124,0.062,1,0,0,12,0.739
359,25,29,15,6,2989,12,15,1,0,0,0,0,0,81461,1169936,0,1.01887282116933,0.957461034523678,12,0.856,0.875,0.124,0.062,1,0,0,12,0.739
360,25,29,15,6,2979,12,15,1,0,0,0,0,0,81461,1169936,0,1.01887282116933,0.957461034523678,12,0.856,0.875,0.124,0.062,1,0,0,12,0.739
361,25,29,15,6,3621,12,15,1,0,0,0,0,0,81461,1169936,0,1.01887282116933,0.957461034523678,12,0.856,0.875,0.124,0.062,1,0,0,12,0.739
362,25,29,15,6,4942,12,15,1,0,0,1,0,0,81461,1169936,0,1.01887282116933,0.957461034523678,12,0.856,0.875,0.124,0.062,1,0,0,12,0.739
363,25,29,15,6,5444,12,15,1,0,0,0,0,0,81461,1169936,0,1.01887282116933,0.957461034523678,12,0.856,0.875,0.124,0.062,1,0,0,12,0.739
364,25,29,15,6,3585,12,15,0,1,1,0,0,0,81461,1169936,0,1.01887282116933,0.957461034523678,12,0.856,0.875,0.124,0.062,1,0,0,12,0.739
365,26,29,8,3,3002,5,8,1,0,0,0,0,0,76223,1169936,0,0.99176283195143,1.02325719708399,5,0.51,0.71,0.291,0.097,0,0,1,5,0.471
366,26,29,8,3,2874,5,8,1,0,0,0,0,0,76223,1169936,0,0.99176283195143,1.02325719708399,5,0.51,0.71,0.291,0.097,0,0,1,5,0.471
367,26,29,8,3,2513,5,8,1,0,0,0,0,0,76223,1169936,0,0.99176283195143,1.02325719708399,5,0.51,0.71,0.291,0.097,0,0,1,5,0.471
368,26,29,8,3,2170,5,8,1,0,0,0,0,0,76223,1169936,0,0.99176283195143,1.02325719708399,5,0.51,0.71,0.291,0.097,0,0,1,5,0.471
369,26,29,8,3,2163,5,8,1,0,0,0,0,0,76223,1169936,0,0.99176283195143,1.02325719708399,5,0.51,0.71,0.291,0.097,0,0,1,5,0.471
370,26,29,8,3,1457,5,8,1,0,0,0,0,0,76223,1169936,0,0.99176283195143,1.02325719708399,5,0.51,0.71,0.291,0.097,0,0,1,5,0.471
371,26,29,8,3,3332,5,8,0,1,1,0,0,0,76223,1169936,0,0.99176283195143,1.02325719708399,5,0.51,0.71,0.291,0.097,0,0,1,5,0.471
372,27,29,15,7,1711,11,15,1,0,0,0,0,0,81461,1169936,0,1.08293315067479,0.957461034523678,12,0.856,1,0,0,0,0.167,0.833,12,0.739
373,27,29,15,7,1529,11,15,1,0,0,0,0,0,81461,1169936,0,1.08293315067479,0.957461034523678,12,0.856,1,0,0,0,0.167,0.833,12,0.739
374,27,29,15,7,1400,11,15,1,0,0,0,0,0,81461,1169936,0,1.08293315067479,0.957461034523678,12,0.856,1,0,0,0,0.167,0.833,12,0.739
375,27,29,15,7,2687,11,15,1,0,0,0,0,0,81461,1169936,0,1.08293315067479,0.957461034523678,12,0.856,1,0,0,0,0.167,0.833,12,0.739
376,27,29,15,7,2000,11,15,1,0,0,0,0,0,81461,1169936,0,1.08293315067479,0.957461034523678,12,0.856,1,0,0,0,0.167,0.833,12,0.739
377,27,29,15,7,2436,11,15,1,0,0,0,0,0,81461,1169936,0,1.08293315067479,0.957461034523678,12,0.856,1,0,0,0,0.167,0.833,12,0.739
378,28,29,12,5,2180,6,12,1,0,0,0,0,0,83320,1169936,0,1.03930290052439,0.936098575772123,11,0.411,0.87,0.13,0.043,0.667,0.167,0.167,11,0.442
379,28,29,12,5,2977,6,12,1,0,0,0,0,0,83320,1169936,0,1.03930290052439,0.936098575772123,11,0.411,0.87,0.13,0.043,0.667,0.167,0.167,11,0.442
380,28,29,12,5,5193,6,12,1,0,0,0,0,0,83320,1169936,0,1.03930290052439,0.936098575772123,11,0.411,0.87,0.13,0.043,0.667,0.167,0.167,11,0.442
381,28,29,12,5,2027,6,12,1,0,0,0,0,0,83320,1169936,0,1.03930290052439,0.936098575772123,11,0.411,0.87,0.13,0.043,0.667,0.167,0.167,11,0.442
382,28,29,12,5,1829,6,12,1,0,0,0,0,0,83320,1169936,0,1.03930290052439,0.936098575772123,11,0.411,0.87,0.13,0.043,0.667,0.167,0.167,11,0.442
383,28,29,12,5,2054,6,12,1,0,0,0,0,0,83320,1169936,0,1.03930290052439,0.936098575772123,11,0.411,0.87,0.13,0.043,0.667,0.167,0.167,11,0.442
384,28,29,12,5,2215,6,12,1,0,0,0,0,0,83320,1169936,0,1.03930290052439,0.936098575772123,11,0.411,0.87,0.13,0.043,0.667,0.167,0.167,11,0.442
385,28,29,12,5,605,6,12,0,1,0,0,0,0,83320,1169936,0,1.03930290052439,0.936098575772123,11,0.411,0.87,0.13,0.043,0.667,0.167,0.167,11,0.442
386,28,29,12,5,2612,6,12,1,0,0,0,0,1,83320,1169936,0,1.03930290052439,0.936098575772123,11,0.411,0.87,0.13,0.043,0.667,0.167,0.167,11,0.442
387,29,29,13,9,2235,6,13,0,1,1,0,1,0,75640,1169936,0,1.06452948407531,1.03114401551207,2,0.34,0.788,0.213,0.061,0.222,0.222,0.556,2,0.255
388,29,29,13,9,1466,6,13,1,0,0,0,0,0,75640,1169936,0,1.06452948407531,1.03114401551207,2,0.34,0.788,0.213,0.061,0.222,0.222,0.556,2,0.255
389,29,29,13,9,612,6,13,0,1,0,0,0,0,75640,1169936,0,1.06452948407531,1.03114401551207,2,0.34,0.788,0.213,0.061,0.222,0.222,0.556,2,0.255
390,29,29,13,9,976,6,13,1,0,0,0,0,0,75640,1169936,0,1.06452948407531,1.03114401551207,2,0.34,0.788,0.213,0.061,0.222,0.222,0.556,2,0.255
391,49,29,12,9,1962,6,12,1,0,0,0,0,0,83320,1169936,0,1.06452948407531,0.936098575772123,11,0.411,0.788,0.213,0.061,0.222,0.222,0.556,11,0.442
392,49,29,12,9,1805,6,12,1,0,0,0,0,0,83320,1169936,0,1.06452948407531,0.936098575772123,11,0.411,0.788,0.213,0.061,0.222,0.222,0.556,11,0.442
393,29,29,13,9,1069,6,13,1,0,0,0,0,0,75640,1169936,0,1.06452948407531,1.03114401551207,2,0.34,0.788,0.213,0.061,0.222,0.222,0.556,2,0.255
394,29,29,13,9,2334,6,13,1,0,0,0,0,0,75640,1169936,0,1.06452948407531,1.03114401551207,2,0.34,0.788,0.213,0.061,0.222,0.222,0.556,2,0.255
395,47,29,14,9,3714,6,14,1,0,0,0,0,0,81423,1169936,0,1.06452948407531,0.957907880246777,2,0.334,0.788,0.213,0.061,0.222,0.222,0.556,2,0.434
396,47,29,14,9,3104,6,14,1,0,0,0,0,0,81423,1169936,0,1.06452948407531,0.957907880246777,2,0.334,0.788,0.213,0.061,0.222,0.222,0.556,2,0.434
397,29,29,13,9,2273,6,13,1,0,0,0,0,0,75640,1169936,0,1.06452948407531,1.03114401551207,2,0.34,0.788,0.213,0.061,0.222,0.222,0.556,2,0.255
398,30,29,3,17,3260,1,3,0,1,1,0,0,0,73615,1169936,0,0.936012448846522,1.05950870520048,1,0.466,0.206,0.793,0.206,0,0.667,0.333,1,0.448
399,30,29,3,17,1992,1,3,0,1,1,0,0,0,73615,1169936,0,0.936012448846522,1.05950870520048,1,0.466,0.206,0.793,0.206,0,0.667,0.333,1,0.448
400,54,29,3,17,800,1,3,0,1,0,0,0,0,73615,1169936,0,0.936012448846522,1.05950870520048,1,0.466,0.206,0.793,0.206,0,0.667,0.333,1,0.448
401,54,29,3,17,144,1,3,0,1,0,0,0,0,73615,1169936,0,0.936012448846522,1.05950870520048,1,0.466,0.206,0.793,0.206,0,0.667,0.333,1,0.448
402,55,29,3,17,357,1,3,0,1,0,0,0,0,73615,1169936,0,0.936012448846522,1.05950870520048,1,0.466,0.206,0.793,0.206,0,0.667,0.333,1,0.448
403,30,29,3,17,1617,1,3,0,1,1,0,0,0,73615,1169936,0,0.936012448846522,1.05950870520048,1,0.466,0.206,0.793,0.206,0,0.667,0.333,1,0.448
404,30,29,3,17,3141,1,3,0,1,1,0,0,0,73615,1169936,0,0.936012448846522,1.05950870520048,1,0.466,0.206,0.793,0.206,0,0.667,0.333,1,0.448
405,30,29,3,17,545,1,3,0,1,0,0,0,0,73615,1169936,0,0.936012448846522,1.05950870520048,1,0.466,0.206,0.793,0.206,0,0.667,0.333,1,0.448
406,30,29,3,17,598,1,3,0,1,0,0,0,0,73615,1169936,0,0.936012448846522,1.05950870520048,1,0.466,0.206,0.793,0.206,0,0.667,0.333,1,0.448
407,30,29,3,17,957,1,3,0,1,1,0,0,1,73615,1169936,0,0.936012448846522,1.05950870520048,1,0.466,0.206,0.793,0.206,0,0.667,0.333,1,0.448
408,30,29,3,17,1675,1,3,0,1,1,0,0,0,73615,1169936,0,0.936012448846522,1.05950870520048,1,0.466,0.206,0.793,0.206,0,0.667,0.333,1,0.448
409,31,29,2,14,1483,1,2,1,0,0,0,0,0,74289,1169936,0,0.92752465011777,1.04989612638928,4,0.42,0.271,0.728,0.22,0,0.857,0.143,4,0.6
410,31,29,2,14,1749,1,2,1,0,0,0,0,0,74289,1169936,0,0.92752465011777,1.04989612638928,4,0.42,0.271,0.728,0.22,0,0.857,0.143,4,0.6
411,31,29,2,14,3432,1,2,1,0,0,0,0,0,74289,1169936,0,0.92752465011777,1.04989612638928,4,0.42,0.271,0.728,0.22,0,0.857,0.143,4,0.6
412,31,29,2,14,3902,1,2,1,0,0,0,0,0,74289,1169936,0,0.92752465011777,1.04989612638928,4,0.42,0.271,0.728,0.22,0,0.857,0.143,4,0.6
413,31,29,2,14,1370,1,2,1,0,0,0,0,0,74289,1169936,0,0.92752465011777,1.04989612638928,4,0.42,0.271,0.728,0.22,0,0.857,0.143,4,0.6
414,31,29,2,14,1191,1,2,1,0,0,0,0,0,74289,1169936,0,0.92752465011777,1.04989612638928,4,0.42,0.271,0.728,0.22,0,0.857,0.143,4,0.6
415,31,29,2,14,1156,1,2,1,0,0,0,1,0,74289,1169936,0,0.92752465011777,1.04989612638928,4,0.42,0.271,0.728,0.22,0,0.857,0.143,4,0.6
416,31,29,2,14,1425,1,2,0,1,1,0,0,0,74289,1169936,0,0.92752465011777,1.04989612638928,4,0.42,0.271,0.728,0.22,0,0.857,0.143,4,0.6
417,31,29,2,14,456,1,2,0,1,0,0,0,0,74289,1169936,0,0.92752465011777,1.04989612638928,4,0.42,0.271,0.728,0.22,0,0.857,0.143,4,0.6
418,31,29,2,14,558,1,2,0,1,0,0,0,0,74289,1169936,0,0.92752465011777,1.04989612638928,4,0.42,0.271,0.728,0.22,0,0.857,0.143,4,0.6
419,31,29,2,14,733,1,2,0,1,0,0,1,0,74289,1169936,0,0.92752465011777,1.04989612638928,4,0.42,0.271,0.728,0.22,0,0.857,0.143,4,0.6
420,31,29,2,14,2460,1,2,0,1,1,0,0,0,74289,1169936,0,0.92752465011777,1.04989612638928,4,0.42,0.271,0.728,0.22,0,0.857,0.143,4,0.6
421,31,29,2,14,2718,1,2,1,0,0,0,0,0,74289,1169936,0,0.92752465011777,1.04989612638928,4,0.42,0.271,0.728,0.22,0,0.857,0.143,4,0.6
422,31,29,2,14,5063,1,2,1,0,0,0,0,0,74289,1169936,0,0.92752465011777,1.04989612638928,4,0.42,0.271,0.728,0.22,0,0.857,0.143,4,0.6
423,31,29,2,14,503,1,2,0,1,0,0,1,0,74289,1169936,0,0.92752465011777,1.04989612638928,4,0.42,0.271,0.728,0.22,0,0.857,0.143,4,0.6
424,32,29,14,9,1958,2,14,0,1,1,1,0,0,81423,1169936,0,1.06452948407531,0.957907880246777,2,0.334,0.788,0.213,0.061,0.222,0.222,0.556,2,0.434
425,32,29,14,9,2038,2,14,1,0,0,0,0,0,81423,1169936,0,1.06452948407531,0.957907880246777,2,0.334,0.788,0.213,0.061,0.222,0.222,0.556,2,0.434
426,32,29,14,9,1871,2,14,1,0,0,0,1,0,81423,1169936,0,1.06452948407531,0.957907880246777,2,0.334,0.788,0.213,0.061,0.222,0.222,0.556,2,0.434
427,32,29,14,9,2315,2,14,1,0,0,0,0,0,81423,1169936,0,1.06452948407531,0.957907880246777,2,0.334,0.788,0.213,0.061,0.222,0.222,0.556,2,0.434
428,32,29,14,9,1950,2,14,1,0,0,0,0,0,81423,1169936,0,1.06452948407531,0.957907880246777,2,0.334,0.788,0.213,0.061,0.222,0.222,0.556,2,0.434
429,53,29,14,10,2586,10,14,0,1,1,0,0,0,81423,1169936,0,1.0489698462951,0.957907880246777,2,0.334,0.6,0.4,0.2,1,0,0,2,0.434
430,53,29,14,10,2514,10,14,1,0,0,0,0,0,81423,1169936,0,1.0489698462951,0.957907880246777,2,0.334,0.6,0.4,0.2,1,0,0,2,0.434
431,32,29,14,9,1454,2,14,1,0,0,0,0,0,81423,1169936,0,1.06452948407531,0.957907880246777,2,0.334,0.788,0.213,0.061,0.222,0.222,0.556,2,0.434
432,56,29,14,9,1510,6,14,1,0,0,0,0,0,81423,1169936,0,1.06452948407531,0.957907880246777,2,0.334,0.788,0.213,0.061,0.222,0.222,0.556,2,0.434
433,56,29,14,9,2084,6,14,1,0,0,0,0,0,81423,1169936,0,1.06452948407531,0.957907880246777,2,0.334,0.788,0.213,0.061,0.222,0.222,0.556,2,0.434
434,32,29,14,9,724,2,14,0,1,0,0,0,0,81423,1169936,0,1.06452948407531,0.957907880246777,2,0.334,0.788,0.213,0.061,0.222,0.222,0.556,2,0.434
435,33,29,7,2,2047,13,7,1,0,0,0,1,0,88323,1169936,0,1.01629991000476,0.88307386901864,13,1,1,0,0,0,1,0,13,1
436,33,29,7,2,2178,13,7,1,0,0,0,0,0,88323,1169936,0,1.01629991000476,0.88307386901864,13,1,1,0,0,0,1,0,13,1
437,33,29,7,2,1901,13,7,1,0,0,0,0,0,88323,1169936,0,1.01629991000476,0.88307386901864,13,1,1,0,0,0,1,0,13,1
438,33,29,7,2,1998,13,7,1,0,0,0,0,0,88323,1169936,0,1.01629991000476,0.88307386901864,13,1,1,0,0,0,1,0,13,1
439,33,29,7,2,2668,13,7,1,0,0,0,0,0,88323,1169936,0,1.01629991000476,0.88307386901864,13,1,1,0,0,0,1,0,13,1
440,33,29,7,2,2098,13,7,1,0,0,0,0,0,88323,1169936,0,1.01629991000476,0.88307386901864,13,1,1,0,0,0,1,0,13,1
441,33,29,7,2,813,13,7,1,0,0,0,0,0,88323,1169936,0,1.01629991000476,0.88307386901864,13,1,1,0,0,0,1,0,13,1
442,33,29,7,1,1097,13,7,1,0,0,0,0,0,88323,1169936,0,0.99665888037565,0.88307386901864,13,1,1,0,0,0,1,0,13,1
443,33,29,7,2,527,13,7,1,0,0,0,0,0,88323,1169936,0,1.01629991000476,0.88307386901864,13,1,1,0,0,0,1,0,13,1
444,33,29,7,2,5344,13,7,1,0,0,0,0,0,88323,1169936,0,1.01629991000476,0.88307386901864,13,1,1,0,0,0,1,0,13,1
445,33,29,7,2,1955,13,7,1,0,0,0,0,0,88323,1169936,0,1.01629991000476,0.88307386901864,13,1,1,0,0,0,1,0,13,1
446,33,29,7,1,683,13,7,1,0,0,0,1,0,88323,1169936,0,0.99665888037565,0.88307386901864,13,1,1,0,0,0,1,0,13,1
447,33,29,7,1,746,13,7,1,0,0,0,0,0,88323,1169936,0,0.99665888037565,0.88307386901864,13,1,1,0,0,0,1,0,13,1
448,33,29,7,2,2538,13,7,1,0,0,0,0,0,88323,1169936,0,1.01629991000476,0.88307386901864,13,1,1,0,0,0,1,0,13,1
449,33,29,7,1,1287,13,7,1,0,0,0,0,0,88323,1169936,0,0.99665888037565,0.88307386901864,13,1,1,0,0,0,1,0,13,1
450,33,29,7,1,793,13,7,1,0,0,0,0,0,88323,1169936,0,0.99665888037565,0.88307386901864,13,1,1,0,0,0,1,0,13,1
451,33,29,7,1,2141,13,7,1,0,0,0,0,0,88323,1169936,0,0.99665888037565,0.88307386901864,13,1,1,0,0,0,1,0,13,1
452,33,29,7,1,1819,13,7,1,0,0,0,0,0,88323,1169936,0,0.99665888037565,0.88307386901864,13,1,1,0,0,0,1,0,13,1
453,33,29,7,1,8590,13,7,1,0,0,0,0,0,88323,1169936,0,0.99665888037565,0.88307386901864,13,1,1,0,0,0,1,0,13,1
454,33,29,7,1,998,13,7,1,0,0,0,0,0,88323,1169936,0,0.99665888037565,0.88307386901864,13,1,1,0,0,0,1,0,13,1
455,33,29,7,1,961,13,7,1,0,0,0,1,0,88323,1169936,0,0.99665888037565,0.88307386901864,13,1,1,0,0,0,1,0,13,1
456,33,29,7,1,1923,13,7,1,0,0,0,0,0,88323,1169936,0,0.99665888037565,0.88307386901864,13,1,1,0,0,0,1,0,13,1
457,33,29,7,1,1630,13,7,1,0,0,0,0,0,88323,1169936,0,0.99665888037565,0.88307386901864,13,1,1,0,0,0,1,0,13,1
458,33,29,7,1,6903,13,7,1,0,0,0,0,0,88323,1169936,0,0.99665888037565,0.88307386901864,13,1,1,0,0,0,1,0,13,1
459,33,29,7,1,2368,13,7,1,0,0,0,0,0,88323,1169936,0,0.99665888037565,0.88307386901864,13,1,1,0,0,0,1,0,13,1
460,33,29,7,1,1558,13,7,1,0,0,0,0,0,88323,1169936,0,0.99665888037565,0.88307386901864,13,1,1,0,0,0,1,0,13,1
461,33,29,7,1,2507,13,7,1,0,0,0,0,0,88323,1169936,0,0.99665888037565,0.88307386901864,13,1,1,0,0,0,1,0,13,1
462,33,29,7,2,2474,13,7,1,0,0,0,0,0,88323,1169936,0,1.01629991000476,0.88307386901864,13,1,1,0,0,0,1,0,13,1
463,33,29,7,1,2051,13,7,1,0,0,0,0,0,88323,1169936,0,0.99665888037565,0.88307386901864,13,1,1,0,0,0,1,0,13,1
464,33,29,7,1,6674,13,7,1,0,0,0,0,0,88323,1169936,0,0.99665888037565,0.88307386901864,13,1,1,0,0,0,1,0,13,1
465,33,29,7,1,5256,13,7,1,0,0,0,0,0,88323,1169936,0,0.99665888037565,0.88307386901864,13,1,1,0,0,0,1,0,13,1
466,33,29,7,1,5115,13,7,1,0,0,0,0,0,88323,1169936,0,0.99665888037565,0.88307386901864,13,1,1,0,0,0,1,0,13,1
467,33,29,7,1,1756,13,7,1,0,0,0,0,0,88323,1169936,0,0.99665888037565,0.88307386901864,13,1,1,0,0,0,1,0,13,1
468,33,29,7,1,2819,13,7,1,0,0,0,0,0,88323,1169936,0,0.99665888037565,0.88307386901864,13,1,1,0,0,0,1,0,13,1
469,33,29,7,1,2107,13,7,1,0,0,0,0,0,88323,1169936,0,0.99665888037565,0.88307386901864,13,1,1,0,0,0,1,0,13,1
470,34,29,2,14,1259,4,2,1,0,0,0,0,0,74289,1169936,0,0.92752465011777,1.04989612638928,4,0.42,0.271,0.728,0.22,0,0.857,0.143,4,0.6
471,34,29,2,14,1714,4,2,0,1,1,0,1,0,74289,1169936,0,0.92752465011777,1.04989612638928,4,0.42,0.271,0.728,0.22,0,0.857,0.143,4,0.6
472,34,29,2,14,1734,4,2,1,0,0,0,0,0,74289,1169936,0,0.92752465011777,1.04989612638928,4,0.42,0.271,0.728,0.22,0,0.857,0.143,4,0.6
473,34,29,2,14,1176,4,2,0,1,1,0,0,0,74289,1169936,0,0.92752465011777,1.04989612638928,4,0.42,0.271,0.728,0.22,0,0.857,0.143,4,0.6
474,34,29,2,14,2297,4,2,0,1,1,0,0,0,74289,1169936,0,0.92752465011777,1.04989612638928,4,0.42,0.271,0.728,0.22,0,0.857,0.143,4,0.6
475,34,29,2,14,1435,4,2,1,0,0,0,1,0,74289,1169936,0,0.92752465011777,1.04989612638928,4,0.42,0.271,0.728,0.22,0,0.857,0.143,4,0.6
476,34,29,2,14,3613,4,2,0,1,1,0,0,0,74289,1169936,0,0.92752465011777,1.04989612638928,4,0.42,0.271,0.728,0.22,0,0.857,0.143,4,0.6
477,34,29,2,14,1262,4,2,1,0,0,0,0,0,74289,1169936,0,0.92752465011777,1.04989612638928,4,0.42,0.271,0.728,0.22,0,0.857,0.143,4,0.6
478,34,29,2,14,566,4,2,0,1,1,0,0,0,74289,1169936,0,0.92752465011777,1.04989612638928,4,0.42,0.271,0.728,0.22,0,0.857,0.143,4,0.6
479,34,29,2,14,431,4,2,0,1,0,0,1,0,74289,1169936,0,0.92752465011777,1.04989612638928,4,0.42,0.271,0.728,0.22,0,0.857,0.143,4,0.6
480,34,29,2,14,326,4,2,0,1,0,0,0,0,74289,1169936,0,0.92752465011777,1.04989612638928,4,0.42,0.271,0.728,0.22,0,0.857,0.143,4,0.6
481,34,29,2,14,2531,4,2,0,1,1,0,0,0,74289,1169936,0,0.92752465011777,1.04989612638928,4,0.42,0.271,0.728,0.22,0,0.857,0.143,4,0.6
482,34,29,2,14,2368,4,2,1,0,0,0,0,0,74289,1169936,0,0.92752465011777,1.04989612638928,4,0.42,0.271,0.728,0.22,0,0.857,0.143,4,0.6
483,34,29,2,14,151,4,2,0,1,0,0,0,0,74289,1169936,0,0.92752465011777,1.04989612638928,4,0.42,0.271,0.728,0.22,0,0.857,0.143,4,0.6
484,34,29,2,14,2243,4,2,0,1,1,0,0,0,74289,1169936,0,0.92752465011777,1.04989612638928,4,0.42,0.271,0.728,0.22,0,0.857,0.143,4,0.6
485,34,29,2,14,921,4,2,0,1,0,0,0,0,74289,1169936,0,0.92752465011777,1.04989612638928,4,0.42,0.271,0.728,0.22,0,0.857,0.143,4,0.6
486,34,29,2,14,696,4,2,0,1,0,0,0,0,74289,1169936,0,0.92752465011777,1.04989612638928,4,0.42,0.271,0.728,0.22,0,0.857,0.143,4,0.6
487,34,29,2,14,107,4,2,0,1,0,0,0,0,74289,1169936,0,0.92752465011777,1.04989612638928,4,0.42,0.271,0.728,0.22,0,0.857,0.143,4,0.6
488,34,29,2,14,1664,4,2,1,0,0,0,0,0,74289,1169936,0,0.92752465011777,1.04989612638928,4,0.42,0.271,0.728,0.22,0,0.857,0.143,4,0.6
489,34,29,2,14,98,4,2,0,1,0,0,0,0,74289,1169936,0,0.92752465011777,1.04989612638928,4,0.42,0.271,0.728,0.22,0,0.857,0.143,4,0.6
490,34,29,2,17,15,4,2,0,1,0,0,0,0,74289,1169936,0,0.936012448846522,1.04989612638928,4,0.42,0.206,0.793,0.206,0,0.667,0.333,4,0.6
491,34,29,2,14,3240,4,2,1,0,0,0,0,0,74289,1169936,0,0.92752465011777,1.04989612638928,4,0.42,0.271,0.728,0.22,0,0.857,0.143,4,0.6
492,34,29,2,14,441,4,2,0,1,0,0,0,0,74289,1169936,0,0.92752465011777,1.04989612638928,4,0.42,0.271,0.728,0.22,0,0.857,0.143,4,0.6
493,34,29,2,14,636,4,2,0,1,0,0,0,0,74289,1169936,0,0.92752465011777,1.04989612638928,4,0.42,0.271,0.728,0.22,0,0.857,0.143,4,0.6
494,34,29,2,14,1084,4,2,0,1,1,0,0,0,74289,1169936,0,0.92752465011777,1.04989612638928,4,0.42,0.271,0.728,0.22,0,0.857,0.143,4,0.6
495,34,29,2,14,1086,4,2,0,1,1,0,0,0,74289,1169936,0,0.92752465011777,1.04989612638928,4,0.42,0.271,0.728,0.22,0,0.857,0.143,4,0.6
496,34,29,2,14,788,4,2,0,1,0,0,0,0,74289,1169936,0,0.92752465011777,1.04989612638928,4,0.42,0.271,0.728,0.22,0,0.857,0.143,4,0.6
497,34,29,2,17,1231,4,2,0,1,0,0,0,0,74289,1169936,0,0.936012448846522,1.04989612638928,4,0.42,0.206,0.793,0.206,0,0.667,0.333,4,0.6
498,34,29,2,17,234,4,2,0,1,0,0,0,0,74289,1169936,0,0.936012448846522,1.04989612638928,4,0.42,0.206,0.793,0.206,0,0.667,0.333,4,0.6
499,34,29,2,14,1262,4,2,0,1,0,0,0,1,74289,1169936,0,0.92752465011777,1.04989612638928,4,0.42,0.271,0.728,0.22,0,0.857,0.143,4,0.6
500,34,29,2,14,568,4,2,0,1,1,0,0,0,74289,1169936,0,0.92752465011777,1.04989612638928,4,0.42,0.271,0.728,0.22,0,0.857,0.143,4,0.6
501,34,29,2,14,1770,4,2,0,1,1,0,0,0,74289,1169936,0,0.92752465011777,1.04989612638928,4,0.42,0.271,0.728,0.22,0,0.857,0.143,4,0.6
502,34,29,2,14,451,4,2,0,1,0,0,0,0,74289,1169936,0,0.92752465011777,1.04989612638928,4,0.42,0.271,0.728,0.22,0,0.857,0.143,4,0.6
503,34,29,2,17,266,4,2,0,1,0,0,0,0,74289,1169936,0,0.936012448846522,1.04989612638928,4,0.42,0.206,0.793,0.206,0,0.667,0.333,4,0.6
504,34,29,2,17,49,4,2,0,1,0,0,0,0,74289,1169936,0,0.936012448846522,1.04989612638928,4,0.42,0.206,0.793,0.206,0,0.667,0.333,4,0.6
505,35,29,3,17,2219,1,3,1,0,0,0,0,0,73615,1169936,0,0.936012448846522,1.05950870520048,1,0.466,0.206,0.793,0.206,0,0.667,0.333,1,0.448
506,35,29,3,17,2514,1,3,0,1,1,0,0,0,73615,1169936,0,0.936012448846522,1.05950870520048,1,0.466,0.206,0.793,0.206,0,0.667,0.333,1,0.448
507,35,29,3,17,800,1,3,1,0,0,0,0,0,73615,1169936,0,0.936012448846522,1.05950870520048,1,0.466,0.206,0.793,0.206,0,0.667,0.333,1,0.448
508,36,29,6,2,1000,10,6,1,0,0,0,0,0,81445,1169936,0,1.01629991000476,0.957649129269241,10,0.398,1,0,0,0,1,0,10,0.389
509,36,29,6,2,1304,10,6,1,0,0,0,0,0,81445,1169936,0,1.01629991000476,0.957649129269241,10,0.398,1,0,0,0,1,0,10,0.389
510,36,29,6,2,1552,10,6,1,0,0,0,0,0,81445,1169936,0,1.01629991000476,0.957649129269241,10,0.398,1,0,0,0,1,0,10,0.389
511,36,29,6,2,1379,10,6,1,0,0,0,0,0,81445,1169936,0,1.01629991000476,0.957649129269241,10,0.398,1,0,0,0,1,0,10,0.389
512,36,29,6,2,2395,10,6,1,0,0,0,0,0,81445,1169936,0,1.01629991000476,0.957649129269241,10,0.398,1,0,0,0,1,0,10,0.389
513,36,29,6,2,2273,10,6,1,0,0,0,0,0,81445,1169936,0,1.01629991000476,0.957649129269241,10,0.398,1,0,0,0,1,0,10,0.389
514,36,29,6,2,1487,10,6,1,0,0,0,0,0,81445,1169936,0,1.01629991000476,0.957649129269241,10,0.398,1,0,0,0,1,0,10,0.389
515,36,29,6,2,2254,10,6,1,0,0,0,0,0,81445,1169936,0,1.01629991000476,0.957649129269241,10,0.398,1,0,0,0,1,0,10,0.389
516,36,29,6,2,2338,10,6,1,0,0,0,0,0,81445,1169936,0,1.01629991000476,0.957649129269241,10,0.398,1,0,0,0,1,0,10,0.389
517,36,29,6,2,1443,10,6,1,0,0,0,0,0,81445,1169936,0,1.01629991000476,0.957649129269241,10,0.398,1,0,0,0,1,0,10,0.389
518,36,29,6,2,1237,10,6,1,0,0,0,0,0,81445,1169936,0,1.01629991000476,0.957649129269241,10,0.398,1,0,0,0,1,0,10,0.389
519,36,29,6,2,1249,10,6,1,0,0,0,0,0,81445,1169936,0,1.01629991000476,0.957649129269241,10,0.398,1,0,0,0,1,0,10,0.389
520,37,29,10,19,1882,15,10,1,0,0,0,1,0,72211,1169936,0,0.888510850298237,1.08010875536045,15,1,0.362,0.638,0.191,0.143,0.571,0.286,15,1
521,37,29,10,19,1314,15,10,1,0,0,0,0,0,72211,1169936,0,0.888510850298237,1.08010875536045,15,1,0.362,0.638,0.191,0.143,0.571,0.286,15,1
522,37,29,10,19,1580,15,10,1,0,0,0,1,0,72211,1169936,0,0.888510850298237,1.08010875536045,15,1,0.362,0.638,0.191,0.143,0.571,0.286,15,1
523,37,29,10,19,1512,15,10,1,0,0,0,0,0,72211,1169936,0,0.888510850298237,1.08010875536045,15,1,0.362,0.638,0.191,0.143,0.571,0.286,15,1
524,37,29,10,19,702,15,10,0,1,0,0,0,0,72211,1169936,0,0.888510850298237,1.08010875536045,15,1,0.362,0.638,0.191,0.143,0.571,0.286,15,1
525,37,29,10,19,1234,15,10,0,1,1,0,0,0,72211,1169936,0,0.888510850298237,1.08010875536045,15,1,0.362,0.638,0.191,0.143,0.571,0.286,15,1
526,37,29,10,19,0,15,10,1,0,0,0,0,0,72211,1169936,0,0.888510850298237,1.08010875536045,15,1,0.362,0.638,0.191,0.143,0.571,0.286,15,1
527,38,29,3,16,5726,5,3,1,0,0,0,0,0,73615,1169936,0,0.841667859694206,1.05950870520048,1,0.466,0.743,0.257,0.057,0,0.889,0.111,1,0.448
528,38,29,3,16,4494,5,3,0,1,1,0,0,0,73615,1169936,0,0.841667859694206,1.05950870520048,1,0.466,0.743,0.257,0.057,0,0.889,0.111,1,0.448
529,38,29,3,16,1866,5,3,1,0,0,0,0,0,73615,1169936,0,0.841667859694206,1.05950870520048,1,0.466,0.743,0.257,0.057,0,0.889,0.111,1,0.448
530,38,29,3,16,1372,5,3,1,0,0,0,1,0,73615,1169936,0,0.841667859694206,1.05950870520048,1,0.466,0.743,0.257,0.057,0,0.889,0.111,1,0.448
531,50,29,3,16,1561,5,3,1,0,0,0,0,1,73615,1169936,0,0.841667859694206,1.05950870520048,1,0.466,0.743,0.257,0.057,0,0.889,0.111,1,0.448
532,50,29,3,16,1000,5,3,0,1,1,0,0,0,73615,1169936,0,0.841667859694206,1.05950870520048,1,0.466,0.743,0.257,0.057,0,0.889,0.111,1,0.448
533,50,29,3,16,770,5,3,1,0,0,0,0,0,73615,1169936,0,0.841667859694206,1.05950870520048,1,0.466,0.743,0.257,0.057,0,0.889,0.111,1,0.448
534,50,29,3,16,1466,5,3,1,0,0,0,1,0,73615,1169936,0,0.841667859694206,1.05950870520048,1,0.466,0.743,0.257,0.057,0,0.889,0.111,1,0.448
535,50,29,3,16,855,5,3,1,0,0,0,1,0,73615,1169936,0,0.841667859694206,1.05950870520048,1,0.466,0.743,0.257,0.057,0,0.889,0.111,1,0.448
536,38,29,3,16,855,5,3,0,1,0,0,0,0,73615,1169936,0,0.841667859694206,1.05950870520048,1,0.466,0.743,0.257,0.057,0,0.889,0.111,1,0.448
537,38,29,3,16,272,5,3,0,1,0,0,0,0,73615,1169936,0,0.841667859694206,1.05950870520048,1,0.466,0.743,0.257,0.057,0,0.889,0.111,1,0.448
538,39,29,3,17,2852,1,3,1,0,0,0,0,0,73615,1169936,0,0.936012448846522,1.05950870520048,1,0.466,0.206,0.793,0.206,0,0.667,0.333,1,0.448
539,39,29,3,17,2768,1,3,1,0,0,0,1,0,73615,1169936,0,0.936012448846522,1.05950870520048,1,0.466,0.206,0.793,0.206,0,0.667,0.333,1,0.448
540,39,29,3,17,4035,1,3,1,0,0,0,0,0,73615,1169936,0,0.936012448846522,1.05950870520048,1,0.466,0.206,0.793,0.206,0,0.667,0.333,1,0.448
541,39,29,3,17,3480,1,3,1,0,0,0,0,0,73615,1169936,0,0.936012448846522,1.05950870520048,1,0.466,0.206,0.793,0.206,0,0.667,0.333,1,0.448
542,39,29,3,17,3303,1,3,1,0,0,0,0,0,73615,1169936,0,0.936012448846522,1.05950870520048,1,0.466,0.206,0.793,0.206,0,0.667,0.333,1,0.448
543,39,29,3,17,2645,1,3,1,0,0,0,0,0,73615,1169936,0,0.936012448846522,1.05950870520048,1,0.466,0.206,0.793,0.206,0,0.667,0.333,1,0.448
544,39,29,3,17,869,1,3,1,0,0,0,0,0,73615,1169936,0,0.936012448846522,1.05950870520048,1,0.466,0.206,0.793,0.206,0,0.667,0.333,1,0.448
545,39,29,3,17,889,1,3,1,0,0,0,0,0,73615,1169936,0,0.936012448846522,1.05950870520048,1,0.466,0.206,0.793,0.206,0,0.667,0.333,1,0.448
546,39,29,3,17,1003,1,3,1,0,0,0,0,0,73615,1169936,0,0.936012448846522,1.05950870520048,1,0.466,0.206,0.793,0.206,0,0.667,0.333,1,0.448
547,40,29,5,12,1032,10,5,1,0,0,0,0,0,71768,1169936,0,1.02602024439911,1.08677590755397,3,0.177,0.157,0.843,0.2,0,0.75,0.25,3,0.294
548,40,29,5,12,2644,10,5,0,1,1,0,0,0,71768,1169936,0,1.02602024439911,1.08677590755397,3,0.177,0.157,0.843,0.2,0,0.75,0.25,3,0.294
549,40,29,5,12,1741,10,5,1,0,0,0,0,0,71768,1169936,0,1.02602024439911,1.08677590755397,3,0.177,0.157,0.843,0.2,0,0.75,0.25,3,0.294
550,40,29,5,12,1396,10,5,0,1,1,0,0,0,71768,1169936,0,1.02602024439911,1.08677590755397,3,0.177,0.157,0.843,0.2,0,0.75,0.25,3,0.294
551,57,29,5,12,1713,10,5,0,1,1,0,0,0,71768,1169936,0,1.02602024439911,1.08677590755397,3,0.177,0.157,0.843,0.2,0,0.75,0.25,3,0.294
552,57,29,5,12,1113,10,5,1,0,0,0,0,0,71768,1169936,0,1.02602024439911,1.08677590755397,3,0.177,0.157,0.843,0.2,0,0.75,0.25,3,0.294
553,40,29,5,12,355,10,5,0,1,0,0,0,0,71768,1169936,0,1.02602024439911,1.08677590755397,3,0.177,0.157,0.843,0.2,0,0.75,0.25,3,0.294
554,40,29,5,12,204,10,5,0,1,0,0,0,0,71768,1169936,0,1.02602024439911,1.08677590755397,3,0.177,0.157,0.843,0.2,0,0.75,0.25,3,0.294
555,40,29,5,12,723,10,5,0,1,0,0,0,0,71768,1169936,0,1.02602024439911,1.08677590755397,3,0.177,0.157,0.843,0.2,0,0.75,0.25,3,0.294
556,40,29,5,12,1002,10,5,0,1,0,0,0,0,71768,1169936,0,1.02602024439911,1.08677590755397,3,0.177,0.157,0.843,0.2,0,0.75,0.25,3,0.294
557,40,29,5,12,949,10,5,0,1,0,0,0,0,71768,1169936,0,1.02602024439911,1.08677590755397,3,0.177,0.157,0.843,0.2,0,0.75,0.25,3,0.294
558,41,29,12,7,2868,11,12,1,0,0,0,0,1,83320,1169936,0,1.08293315067479,0.936098575772123,11,0.411,1,0,0,0,0.167,0.833,11,0.442
559,41,29,12,7,2272,11,12,1,0,0,0,0,0,83320,1169936,0,1.08293315067479,0.936098575772123,11,0.411,1,0,0,0,0.167,0.833,11,0.442
560,41,29,12,7,3198,11,12,1,0,0,0,0,0,83320,1169936,0,1.08293315067479,0.936098575772123,11,0.411,1,0,0,0,0.167,0.833,11,0.442
561,41,29,12,7,2822,11,12,1,0,0,0,0,0,83320,1169936,0,1.08293315067479,0.936098575772123,11,0.411,1,0,0,0,0.167,0.833,11,0.442
562,41,29,12,7,2671,11,12,1,0,0,0,0,1,83320,1169936,0,1.08293315067479,0.936098575772123,11,0.411,1,0,0,0,0.167,0.833,11,0.442
563,41,29,12,7,2437,11,12,1,0,0,0,0,0,83320,1169936,0,1.08293315067479,0.936098575772123,11,0.411,1,0,0,0,0.167,0.833,11,0.442
564,41,29,12,7,2298,11,12,1,0,0,0,0,0,83320,1169936,0,1.08293315067479,0.936098575772123,11,0.411,1,0,0,0,0.167,0.833,11,0.442
565,41,29,12,7,1336,11,12,1,0,0,0,0,0,83320,1169936,0,1.08293315067479,0.936098575772123,11,0.411,1,0,0,0,0.167,0.833,11,0.442
566,41,29,12,7,1810,11,12,1,0,0,0,1,0,83320,1169936,0,1.08293315067479,0.936098575772123,11,0.411,1,0,0,0,0.167,0.833,11,0.442
567,41,29,12,7,1637,11,12,1,0,0,0,0,1,83320,1169936,0,1.08293315067479,0.936098575772123,11,0.411,1,0,0,0,0.167,0.833,11,0.442
568,41,29,12,7,1727,11,12,1,0,0,0,0,0,83320,1169936,0,1.08293315067479,0.936098575772123,11,0.411,1,0,0,0,0.167,0.833,11,0.442
569,41,29,12,7,1048,11,12,1,0,0,0,0,0,83320,1169936,0,1.08293315067479,0.936098575772123,11,0.411,1,0,0,0,0.167,0.833,11,0.442
570,42,29,13,8,3126,11,13,1,0,0,0,0,0,75640,1169936,0,1.09522213630551,1.03114401551207,2,0.34,0.909,0.09,0.045,0,0,1,2,0.255
571,42,29,13,8,1882,11,13,1,0,0,0,0,0,75640,1169936,0,1.09522213630551,1.03114401551207,2,0.34,0.909,0.09,0.045,0,0,1,2,0.255
572,42,29,13,8,2091,11,13,1,0,0,0,0,0,75640,1169936,0,1.09522213630551,1.03114401551207,2,0.34,0.909,0.09,0.045,0,0,1,2,0.255
573,42,29,13,8,2202,11,13,1,0,0,0,0,0,75640,1169936,0,1.09522213630551,1.03114401551207,2,0.34,0.909,0.09,0.045,0,0,1,2,0.255
574,42,29,13,8,3380,11,13,1,0,0,0,0,0,75640,1169936,0,1.09522213630551,1.03114401551207,2,0.34,0.909,0.09,0.045,0,0,1,2,0.255
575,43,29,5,15,2470,4,5,1,0,0,0,1,0,71768,1169936,0,0.984988625705737,1.08677590755397,3,0.177,0.743,0.257,0.114,0,1,0,3,0.294
576,43,29,5,15,2166,4,5,1,0,0,0,0,0,71768,1169936,0,0.984988625705737,1.08677590755397,3,0.177,0.743,0.257,0.114,0,1,0,3,0.294
577,43,29,5,15,813,4,5,1,0,0,0,0,0,71768,1169936,0,0.984988625705737,1.08677590755397,3,0.177,0.743,0.257,0.114,0,1,0,3,0.294
578,43,29,5,15,1169,4,5,0,1,1,0,1,0,71768,1169936,0,0.984988625705737,1.08677590755397,3,0.177,0.743,0.257,0.114,0,1,0,3,0.294
579,43,29,5,15,1157,4,5,1,0,0,0,0,0,71768,1169936,0,0.984988625705737,1.08677590755397,3,0.177,0.743,0.257,0.114,0,1,0,3,0.294
580,43,29,5,15,2925,4,5,1,0,0,0,0,0,71768,1169936,0,0.984988625705737,1.08677590755397,3,0.177,0.743,0.257,0.114,0,1,0,3,0.294
581,43,29,5,15,4882,4,5,1,0,0,0,0,0,71768,1169936,0,0.984988625705737,1.08677590755397,3,0.177,0.743,0.257,0.114,0,1,0,3,0.294
582,43,29,5,15,5981,4,5,1,0,0,0,0,0,71768,1169936,0,0.984988625705737,1.08677590755397,3,0.177,0.743,0.257,0.114,0,1,0,3,0.294
583,43,29,5,15,4238,4,5,1,0,0,0,0,0,71768,1169936,0,0.984988625705737,1.08677590755397,3,0.177,0.743,0.257,0.114,0,1,0,3,0.294
584,43,29,5,15,1157,4,5,0,1,0,0,0,0,71768,1169936,0,0.984988625705737,1.08677590755397,3,0.177,0.743,0.257,0.114,0,1,0,3,0.294
585,43,29,5,15,3865,4,5,0,1,1,0,0,0,71768,1169936,0,0.984988625705737,1.08677590755397,3,0.177,0.743,0.257,0.114,0,1,0,3,0.294
586,59,29,13,8,2113,6,13,1,0,0,0,0,0,75640,1169936,0,1.09522213630551,1.03114401551207,2,0.34,0.909,0.09,0.045,0,0,1,2,0.255
587,59,29,13,8,1949,6,13,1,0,0,0,0,1,75640,1169936,0,1.09522213630551,1.03114401551207,2,0.34,0.909,0.09,0.045,0,0,1,2,0.255
588,44,29,13,8,1863,2,13,1,0,0,0,0,0,75640,1169936,0,1.09522213630551,1.03114401551207,2,0.34,0.909,0.09,0.045,0,0,1,2,0.255
589,44,29,13,8,2464,2,13,1,0,0,0,0,0,75640,1169936,0,1.09522213630551,1.03114401551207,2,0.34,0.909,0.09,0.045,0,0,1,2,0.255
590,44,29,13,8,3797,2,13,1,0,0,0,0,0,75640,1169936,0,1.09522213630551,1.03114401551207,2,0.34,0.909,0.09,0.045,0,0,1,2,0.255
591,44,29,13,8,2818,2,13,1,0,0,0,0,1,75640,1169936,0,1.09522213630551,1.03114401551207,2,0.34,0.909,0.09,0.045,0,0,1,2,0.255
592,44,29,13,8,4490,2,13,1,0,0,0,0,0,75640,1169936,0,1.09522213630551,1.03114401551207,2,0.34,0.909,0.09,0.045,0,0,1,2,0.255
593,44,29,13,8,2579,2,13,1,0,0,0,0,0,75640,1169936,0,1.09522213630551,1.03114401551207,2,0.34,0.909,0.09,0.045,0,0,1,2,0.255
594,44,29,13,8,2362,2,13,1,0,0,0,0,0,75640,1169936,0,1.09522213630551,1.03114401551207,2,0.34,0.909,0.09,0.045,0,0,1,2,0.255
595,44,29,13,8,2874,2,13,1,0,0,0,0,0,75640,1169936,0,1.09522213630551,1.03114401551207,2,0.34,0.909,0.09,0.045,0,0,1,2,0.255
596,44,29,13,8,1539,2,13,1,0,0,0,0,0,75640,1169936,0,1.09522213630551,1.03114401551207,2,0.34,0.909,0.09,0.045,0,0,1,2,0.255
597,44,29,13,8,1992,2,13,1,0,0,0,0,0,75640,1169936,0,1.09522213630551,1.03114401551207,2,0.34,0.909,0.09,0.045,0,0,1,2,0.255
598,44,29,13,8,2743,2,13,1,0,0,0,0,1,75640,1169936,0,1.09522213630551,1.03114401551207,2,0.34,0.909,0.09,0.045,0,0,1,2,0.255
599,44,29,13,8,2970,2,13,0,1,1,0,0,0,75640,1169936,0,1.09522213630551,1.03114401551207,2,0.34,0.909,0.09,0.045,0,0,1,2,0.255
600,44,29,13,8,3956,2,13,1,0,0,0,0,0,75640,1169936,0,1.09522213630551,1.03114401551207,2,0.34,0.909,0.09,0.045,0,0,1,2,0.255
601,44,29,13,8,3032,2,13,1,0,0,0,0,0,75640,1169936,0,1.09522213630551,1.03114401551207,2,0.34,0.909,0.09,0.045,0,0,1,2,0.255
602,48,29,13,9,2237,11,13,1,0,0,0,0,1,75640,1169936,0,1.06452948407531,1.03114401551207,2,0.34,0.788,0.213,0.061,0.222,0.222,0.556,2,0.255
603,48,29,13,9,1566,11,13,1,0,0,0,0,1,75640,1169936,0,1.06452948407531,1.03114401551207,2,0.34,0.788,0.213,0.061,0.222,0.222,0.556,2,0.255
604,48,29,13,9,3230,11,13,1,0,0,0,0,0,75640,1169936,0,1.06452948407531,1.03114401551207,2,0.34,0.788,0.213,0.061,0.222,0.222,0.556,2,0.255
605,48,29,13,9,1420,11,13,1,0,0,0,0,0,75640,1169936,0,1.06452948407531,1.03114401551207,2,0.34,0.788,0.213,0.061,0.222,0.222,0.556,2,0.255
606,55,29,3,17,2412,1,3,1,0,0,0,0,0,73615,1169936,0,0.936012448846522,1.05950870520048,1,0.466,0.206,0.793,0.206,0,0.667,0.333,1,0.448
607,54,29,3,17,2904,1,3,0,1,1,0,0,0,73615,1169936,0,0.936012448846522,1.05950870520048,1,0.466,0.206,0.793,0.206,0,0.667,0.333,1,0.448
608,54,29,3,17,288,1,3,0,1,0,0,0,0,73615,1169936,0,0.936012448846522,1.05950870520048,1,0.466,0.206,0.793,0.206,0,0.667,0.333,1,0.448
