"seccion","munn","edon","disloc2018","disloc2012","pobtot","esc1","esc3","urbana","rural","mixta","pan","pri","prd","SQ","dsi_pob","prop_urbana","prop_rural","prop_mixta","prop_bastion_pan","prop_bastion_pri","prop_bastion_prd","SQ_","dsi_sec"
1,1,4,11,2,730,9,11,1,0,0,0,1,0,9,0.452,1,0,0,0.273,0.727,0,9,0.5
2,1,4,11,2,871,9,11,1,0,0,1,0,0,9,0.452,1,0,0,0.273,0.727,0,9,0.5
3,1,4,11,2,787,9,11,1,0,0,0,1,0,9,0.452,1,0,0,0.273,0.727,0,9,0.5
4,1,4,5,2,14373,10,5,1,0,0,0,0,0,10,1,1,0,0,0.273,0.727,0,10,1
5,1,4,11,2,1298,9,11,1,0,0,0,0,0,9,0.452,1,0,0,0.273,0.727,0,9,0.5
6,1,4,11,2,1318,9,11,1,0,0,0,1,0,9,0.452,1,0,0,0.273,0.727,0,9,0.5
7,1,4,11,1,1276,9,11,1,0,0,0,1,0,9,0.452,1,0,0,0.08,0.92,0,9,0.5
8,1,4,11,2,1025,9,11,1,0,0,1,0,0,9,0.452,1,0,0,0.273,0.727,0,9,0.5
9,1,4,7,2,6613,9,7,1,0,0,0,0,0,7,0.723,1,0,0,0.273,0.727,0,7,0.5
10,1,4,5,1,1352,10,5,1,0,0,0,0,0,10,1,1,0,0,0.08,0.92,0,10,1
11,1,4,11,1,1003,9,11,1,0,0,0,0,0,9,0.452,1,0,0,0.08,0.92,0,9,0.5
12,1,4,11,1,1743,9,11,1,0,0,0,1,0,9,0.452,1,0,0,0.08,0.92,0,9,0.5
13,1,4,5,1,1538,10,5,1,0,0,1,0,0,10,1,1,0,0,0.08,0.92,0,10,1
14,1,4,5,1,1335,10,5,1,0,0,0,1,0,10,1,1,0,0,0.08,0.92,0,10,1
15,1,4,5,2,1392,10,5,1,0,0,0,0,0,10,1,1,0,0,0.273,0.727,0,10,1
16,1,4,5,2,1380,10,5,1,0,0,0,0,0,10,1,1,0,0,0.273,0.727,0,10,1
17,1,4,7,7,7054,7,7,0,0,1,1,0,0,7,0.723,0.143,0.667,0.19,0.214,0.786,0,7,0.5
18,1,4,7,2,852,7,7,1,0,0,0,1,0,7,0.723,1,0,0,0.273,0.727,0,7,0.5
19,1,4,5,2,1264,10,5,1,0,0,1,0,0,10,1,1,0,0,0.273,0.727,0,10,1
20,1,4,5,2,1527,10,5,1,0,0,0,1,0,10,1,1,0,0,0.273,0.727,0,10,1
21,1,4,5,1,2006,10,5,1,0,0,0,1,0,10,1,1,0,0,0.08,0.92,0,10,1
22,1,4,5,1,1196,10,5,1,0,0,0,1,0,10,1,1,0,0,0.08,0.92,0,10,1
23,1,4,5,1,1060,10,5,1,0,0,0,1,0,10,1,1,0,0,0.08,0.92,0,10,1
24,1,4,11,1,1225,9,11,1,0,0,0,1,0,9,0.452,1,0,0,0.08,0.92,0,9,0.5
25,1,4,11,1,664,9,11,1,0,0,0,1,0,9,0.452,1,0,0,0.08,0.92,0,9,0.5
26,1,4,11,1,1202,9,11,1,0,0,0,1,0,9,0.452,1,0,0,0.08,0.92,0,9,0.5
27,1,4,11,1,1234,9,11,1,0,0,0,1,0,9,0.452,1,0,0,0.08,0.92,0,9,0.5
28,1,4,9,1,473,9,9,1,0,0,0,1,0,6,0.708,1,0,0,0.08,0.92,0,6,0.538
29,1,4,11,1,866,9,11,1,0,0,0,1,0,9,0.452,1,0,0,0.08,0.92,0,9,0.5
30,1,4,11,1,834,9,11,1,0,0,0,1,0,9,0.452,1,0,0,0.08,0.92,0,9,0.5
31,1,4,11,1,755,9,11,1,0,0,0,1,0,9,0.452,1,0,0,0.08,0.92,0,9,0.5
32,1,4,5,1,953,10,5,1,0,0,0,1,0,10,1,1,0,0,0.08,0.92,0,10,1
33,1,4,5,1,1145,10,5,1,0,0,0,0,0,10,1,1,0,0,0.08,0.92,0,10,1
34,1,4,5,1,1621,10,5,1,0,0,0,1,0,10,1,1,0,0,0.08,0.92,0,10,1
35,1,4,5,2,1308,10,5,1,0,0,0,1,0,10,1,1,0,0,0.273,0.727,0,10,1
36,1,4,5,2,1395,10,5,1,0,0,0,0,0,10,1,1,0,0,0.273,0.727,0,10,1
37,1,4,5,2,1141,10,5,1,0,0,0,1,0,10,1,1,0,0,0.273,0.727,0,10,1
38,1,4,7,2,897,7,7,1,0,0,0,1,0,7,0.723,1,0,0,0.273,0.727,0,7,0.5
39,1,4,7,3,2817,7,7,1,0,0,0,1,0,7,0.723,1,0,0,0,1,0,7,0.5
40,1,4,5,3,927,10,5,1,0,0,0,1,0,10,1,1,0,0,0,1,0,10,1
41,1,4,5,3,1029,10,5,1,0,0,0,1,0,10,1,1,0,0,0,1,0,10,1
42,1,4,8,3,1330,5,8,1,0,0,0,1,0,5,0.795,1,0,0,0,1,0,5,0.7
43,1,4,8,1,1186,5,8,1,0,0,0,1,0,5,0.795,1,0,0,0.08,0.92,0,5,0.7
44,1,4,11,1,1045,5,11,1,0,0,0,0,0,9,0.452,1,0,0,0.08,0.92,0,9,0.5
45,1,4,11,1,941,5,11,1,0,0,0,1,0,9,0.452,1,0,0,0.08,0.92,0,9,0.5
46,1,4,11,1,1102,5,11,1,0,0,0,1,0,9,0.452,1,0,0,0.08,0.92,0,9,0.5
47,1,4,11,1,1082,5,11,1,0,0,0,1,0,9,0.452,1,0,0,0.08,0.92,0,9,0.5
48,1,4,11,1,1037,9,11,1,0,0,0,1,0,9,0.452,1,0,0,0.08,0.92,0,9,0.5
49,1,4,6,1,1292,9,6,1,0,0,1,0,0,13,0.966,1,0,0,0.08,0.92,0,13,0.957
50,1,4,9,1,636,9,9,1,0,0,0,1,0,6,0.708,1,0,0,0.08,0.92,0,6,0.538
51,1,4,9,1,1091,9,9,1,0,0,0,1,0,6,0.708,1,0,0,0.08,0.92,0,6,0.538
52,1,4,9,5,753,9,9,1,0,0,0,1,0,6,0.708,0.958,0,0.042,0.045,0.955,0,6,0.538
53,1,4,9,5,1229,6,9,1,0,0,0,1,0,6,0.708,0.958,0,0.042,0.045,0.955,0,6,0.538
54,1,4,10,5,977,6,10,1,0,0,0,1,0,12,0.305,0.958,0,0.042,0.045,0.955,0,12,0.326
55,1,4,9,5,1439,9,9,1,0,0,0,1,0,6,0.708,0.958,0,0.042,0.045,0.955,0,6,0.538
56,1,4,6,5,1053,13,6,1,0,0,0,1,0,13,0.966,0.958,0,0.042,0.045,0.955,0,13,0.957
57,1,4,6,4,1182,13,6,1,0,0,0,1,0,13,0.966,1,0,0,0.133,0.867,0,13,0.957
58,1,4,6,4,1174,13,6,1,0,0,0,1,0,13,0.966,1,0,0,0.133,0.867,0,13,0.957
59,1,4,6,4,1261,13,6,1,0,0,0,1,0,13,0.966,1,0,0,0.133,0.867,0,13,0.957
60,1,4,8,3,1122,5,8,1,0,0,0,1,0,5,0.795,1,0,0,0,1,0,5,0.7
61,1,4,8,3,1173,5,8,1,0,0,0,1,0,5,0.795,1,0,0,0,1,0,5,0.7
62,1,4,8,3,1456,5,8,1,0,0,0,1,0,5,0.795,1,0,0,0,1,0,5,0.7
63,1,4,8,3,1806,7,8,1,0,0,0,1,0,5,0.795,1,0,0,0,1,0,5,0.7
64,1,4,8,3,1614,5,8,1,0,0,0,1,0,5,0.795,1,0,0,0,1,0,5,0.7
65,1,4,8,3,2187,5,8,1,0,0,0,1,0,5,0.795,1,0,0,0,1,0,5,0.7
66,1,4,8,3,1374,5,8,1,0,0,0,1,0,5,0.795,1,0,0,0,1,0,5,0.7
67,1,4,8,3,1224,5,8,1,0,0,0,0,0,5,0.795,1,0,0,0,1,0,5,0.7
68,1,4,6,4,1605,13,6,1,0,0,0,0,0,13,0.966,1,0,0,0.133,0.867,0,13,0.957
69,1,4,6,4,1164,13,6,1,0,0,0,1,0,13,0.966,1,0,0,0.133,0.867,0,13,0.957
70,1,4,6,4,1418,13,6,1,0,0,0,1,0,13,0.966,1,0,0,0.133,0.867,0,13,0.957
71,1,4,9,5,1122,9,9,1,0,0,0,1,0,6,0.708,0.958,0,0.042,0.045,0.955,0,6,0.538
72,1,4,10,5,1405,6,10,1,0,0,0,1,0,12,0.305,0.958,0,0.042,0.045,0.955,0,12,0.326
73,1,4,10,5,1589,6,10,1,0,0,0,1,0,12,0.305,0.958,0,0.042,0.045,0.955,0,12,0.326
74,1,4,9,5,1374,6,9,1,0,0,0,1,0,6,0.708,0.958,0,0.042,0.045,0.955,0,6,0.538
75,1,4,9,5,2803,6,9,1,0,0,0,1,0,6,0.708,0.958,0,0.042,0.045,0.955,0,6,0.538
76,1,4,9,5,1071,9,9,1,0,0,0,1,0,6,0.708,0.958,0,0.042,0.045,0.955,0,6,0.538
77,1,4,6,4,1156,13,6,1,0,0,0,1,0,13,0.966,1,0,0,0.133,0.867,0,13,0.957
78,1,4,6,4,1053,13,6,1,0,0,0,0,0,13,0.966,1,0,0,0.133,0.867,0,13,0.957
79,1,4,8,3,10392,5,8,1,0,0,0,1,0,5,0.795,1,0,0,0,1,0,5,0.7
80,1,4,8,3,927,5,8,1,0,0,0,1,0,5,0.795,1,0,0,0,1,0,5,0.7
81,1,4,7,7,16103,7,7,1,0,0,0,0,0,7,0.723,0.143,0.667,0.19,0.214,0.786,0,7,0.5
82,1,4,8,3,1360,5,8,1,0,0,0,1,0,5,0.795,1,0,0,0,1,0,5,0.7
83,1,4,8,3,6797,5,8,1,0,0,0,0,0,5,0.795,1,0,0,0,1,0,5,0.7
84,1,4,6,4,1111,13,6,1,0,0,0,1,0,13,0.966,1,0,0,0.133,0.867,0,13,0.957
85,1,4,6,4,1294,13,6,1,0,0,0,0,0,13,0.966,1,0,0,0.133,0.867,0,13,0.957
86,1,4,6,4,1274,13,6,1,0,0,0,1,0,13,0.966,1,0,0,0.133,0.867,0,13,0.957
87,1,4,9,5,1162,6,9,1,0,0,0,1,0,6,0.708,0.958,0,0.042,0.045,0.955,0,6,0.538
88,1,4,10,5,800,6,10,1,0,0,0,1,0,12,0.305,0.958,0,0.042,0.045,0.955,0,12,0.326
89,1,4,10,5,1147,12,10,1,0,0,0,1,0,12,0.305,0.958,0,0.042,0.045,0.955,0,12,0.326
90,1,4,9,5,2188,6,9,1,0,0,0,1,0,6,0.708,0.958,0,0.042,0.045,0.955,0,6,0.538
91,1,4,9,5,2385,6,9,1,0,0,0,0,0,6,0.708,0.958,0,0.042,0.045,0.955,0,6,0.538
92,1,4,6,4,1615,13,6,1,0,0,0,1,0,13,0.966,1,0,0,0.133,0.867,0,13,0.957
93,1,4,6,4,1464,13,6,1,0,0,0,1,0,13,0.966,1,0,0,0.133,0.867,0,13,0.957
94,1,4,6,4,1547,13,6,1,0,0,0,0,0,13,0.966,1,0,0,0.133,0.867,0,13,0.957
95,1,4,6,4,2214,13,6,1,0,0,1,0,0,13,0.966,1,0,0,0.133,0.867,0,13,0.957
96,1,4,6,4,1339,13,6,1,0,0,0,0,0,13,0.966,1,0,0,0.133,0.867,0,13,0.957
97,1,4,6,4,1434,13,6,1,0,0,1,0,0,13,0.966,1,0,0,0.133,0.867,0,13,0.957
98,1,4,6,4,1144,13,6,1,0,0,0,1,0,13,0.966,1,0,0,0.133,0.867,0,13,0.957
99,1,4,9,5,1559,6,9,1,0,0,0,1,0,6,0.708,0.958,0,0.042,0.045,0.955,0,6,0.538
100,1,4,9,5,2837,6,9,1,0,0,0,1,0,6,0.708,0.958,0,0.042,0.045,0.955,0,6,0.538
101,1,4,9,6,2902,6,9,1,0,0,0,1,0,6,0.708,0.346,0.462,0.192,0.053,0.947,0,6,0.538
102,1,4,9,6,2167,6,9,1,0,0,0,1,0,6,0.708,0.346,0.462,0.192,0.053,0.947,0,6,0.538
103,1,4,9,6,1530,6,9,1,0,0,0,1,0,6,0.708,0.346,0.462,0.192,0.053,0.947,0,6,0.538
104,1,4,6,4,1023,13,6,1,0,0,0,1,0,13,0.966,1,0,0,0.133,0.867,0,13,0.957
105,1,4,6,4,9069,13,6,1,0,0,0,0,0,13,0.966,1,0,0,0.133,0.867,0,13,0.957
106,1,4,6,4,1668,13,6,1,0,0,0,1,0,13,0.966,1,0,0,0.133,0.867,0,13,0.957
107,1,4,10,6,1739,6,10,1,0,0,1,0,0,12,0.305,0.346,0.462,0.192,0.053,0.947,0,12,0.326
108,1,4,9,6,4204,6,9,1,0,0,0,0,0,6,0.708,0.346,0.462,0.192,0.053,0.947,0,6,0.538
109,1,4,9,6,3057,6,9,1,0,0,0,1,0,6,0.708,0.346,0.462,0.192,0.053,0.947,0,6,0.538
110,1,4,10,5,1612,12,10,1,0,0,0,0,0,12,0.305,0.958,0,0.042,0.045,0.955,0,12,0.326
111,1,4,9,6,2340,6,9,1,0,0,0,1,0,6,0.708,0.346,0.462,0.192,0.053,0.947,0,6,0.538
112,1,4,10,6,4753,12,10,0,0,1,0,1,0,12,0.305,0.346,0.462,0.192,0.053,0.947,0,12,0.326
113,1,4,10,5,903,12,10,1,0,0,0,1,0,12,0.305,0.958,0,0.042,0.045,0.955,0,12,0.326
114,1,4,10,5,1518,12,10,1,0,0,1,0,0,12,0.305,0.958,0,0.042,0.045,0.955,0,12,0.326
115,1,4,10,5,1500,12,10,1,0,0,0,1,0,12,0.305,0.958,0,0.042,0.045,0.955,0,12,0.326
116,1,4,10,5,1041,12,10,0,0,1,0,1,0,12,0.305,0.958,0,0.042,0.045,0.955,0,12,0.326
117,1,4,10,5,1747,12,10,1,0,0,0,1,0,12,0.305,0.958,0,0.042,0.045,0.955,0,12,0.326
118,1,4,11,7,1123,9,11,0,1,0,0,1,0,9,0.452,0.143,0.667,0.19,0.214,0.786,0,9,0.5
119,1,4,11,7,517,9,11,0,1,0,0,1,0,9,0.452,0.143,0.667,0.19,0.214,0.786,0,9,0.5
120,1,4,11,7,984,9,11,0,1,0,0,1,0,9,0.452,0.143,0.667,0.19,0.214,0.786,0,9,0.5
121,1,4,11,7,2096,9,11,0,1,0,0,0,0,9,0.452,0.143,0.667,0.19,0.214,0.786,0,9,0.5
122,1,4,11,7,1437,9,11,0,1,0,0,1,0,9,0.452,0.143,0.667,0.19,0.214,0.786,0,9,0.5
123,1,4,11,7,917,7,11,0,1,0,1,0,0,9,0.452,0.143,0.667,0.19,0.214,0.786,0,9,0.5
124,1,4,7,7,3974,7,7,0,0,1,0,1,0,7,0.723,0.143,0.667,0.19,0.214,0.786,0,7,0.5
125,1,4,8,6,1819,5,8,0,0,1,0,1,0,5,0.795,0.346,0.462,0.192,0.053,0.947,0,5,0.7
126,1,4,8,6,2796,12,8,1,0,0,0,0,0,5,0.795,0.346,0.462,0.192,0.053,0.947,0,5,0.7
127,1,4,10,6,979,12,10,0,0,1,0,1,0,12,0.305,0.346,0.462,0.192,0.053,0.947,0,12,0.326
128,1,4,7,6,246,7,7,0,1,0,0,1,0,7,0.723,0.346,0.462,0.192,0.053,0.947,0,7,0.5
129,1,4,10,7,1845,7,10,0,1,0,0,0,0,12,0.305,0.143,0.667,0.19,0.214,0.786,0,12,0.326
130,1,4,10,7,446,7,10,0,1,0,0,1,0,12,0.305,0.143,0.667,0.19,0.214,0.786,0,12,0.326
131,1,4,10,7,338,7,10,0,1,0,1,0,0,12,0.305,0.143,0.667,0.19,0.214,0.786,0,12,0.326
132,1,4,10,7,253,7,10,0,1,0,0,0,0,12,0.305,0.143,0.667,0.19,0.214,0.786,0,12,0.326
133,1,4,10,6,708,12,10,0,1,0,0,1,0,12,0.305,0.346,0.462,0.192,0.053,0.947,0,12,0.326
134,1,4,10,6,242,12,10,0,1,0,0,1,0,12,0.305,0.346,0.462,0.192,0.053,0.947,0,12,0.326
135,1,4,10,6,880,12,10,0,1,0,0,0,0,12,0.305,0.346,0.462,0.192,0.053,0.947,0,12,0.326
136,1,4,10,6,348,8,10,0,1,0,0,1,0,12,0.305,0.346,0.462,0.192,0.053,0.947,0,12,0.326
137,1,4,10,6,255,12,10,0,1,0,0,0,0,12,0.305,0.346,0.462,0.192,0.053,0.947,0,12,0.326
138,1,4,10,6,512,12,10,0,1,0,0,1,0,12,0.305,0.346,0.462,0.192,0.053,0.947,0,12,0.326
139,1,4,10,6,3323,8,10,0,0,1,0,0,0,12,0.305,0.346,0.462,0.192,0.053,0.947,0,12,0.326
140,1,4,10,6,1075,8,10,0,0,1,0,1,0,12,0.305,0.346,0.462,0.192,0.053,0.947,0,12,0.326
141,1,4,10,6,1053,8,10,1,0,0,0,1,0,12,0.305,0.346,0.462,0.192,0.053,0.947,0,12,0.326
142,1,4,10,6,2999,8,10,0,1,0,0,1,0,12,0.305,0.346,0.462,0.192,0.053,0.947,0,12,0.326
143,1,4,10,6,380,8,10,0,1,0,0,0,0,12,0.305,0.346,0.462,0.192,0.053,0.947,0,12,0.326
144,1,4,10,6,236,8,10,0,1,0,0,1,0,12,0.305,0.346,0.462,0.192,0.053,0.947,0,12,0.326
145,1,4,10,6,983,8,10,0,1,0,0,1,0,12,0.305,0.346,0.462,0.192,0.053,0.947,0,12,0.326
146,1,4,10,6,596,8,10,0,1,0,0,0,0,12,0.305,0.346,0.462,0.192,0.053,0.947,0,12,0.326
147,2,4,1,17,2181,1,1,0,0,1,0,1,0,1,0.735,0.625,0.083,0.292,0.062,0.938,0,1,0.733
148,2,4,1,17,1470,1,1,1,0,0,0,0,0,1,0.735,0.625,0.083,0.292,0.062,0.938,0,1,0.733
149,2,4,1,17,1228,1,1,1,0,0,1,0,0,1,0.735,0.625,0.083,0.292,0.062,0.938,0,1,0.733
150,2,4,1,17,978,1,1,1,0,0,0,1,0,1,0.735,0.625,0.083,0.292,0.062,0.938,0,1,0.733
151,2,4,1,17,1078,1,1,1,0,0,0,0,0,1,0.735,0.625,0.083,0.292,0.062,0.938,0,1,0.733
152,2,4,1,17,1161,1,1,0,0,1,0,1,0,1,0.735,0.625,0.083,0.292,0.062,0.938,0,1,0.733
153,2,4,1,17,1306,1,1,0,0,1,0,0,0,1,0.735,0.625,0.083,0.292,0.062,0.938,0,1,0.733
154,2,4,1,17,2477,1,1,1,0,0,0,0,0,1,0.735,0.625,0.083,0.292,0.062,0.938,0,1,0.733
155,2,4,1,17,1983,1,1,1,0,0,0,1,0,1,0.735,0.625,0.083,0.292,0.062,0.938,0,1,0.733
156,2,4,1,17,1092,1,1,1,0,0,0,0,0,1,0.735,0.625,0.083,0.292,0.062,0.938,0,1,0.733
157,2,4,3,19,754,3,3,0,1,0,0,1,0,3,0.664,0.267,0.533,0.2,0.067,0.933,0,3,0.649
158,2,4,3,19,1006,3,3,0,1,0,0,1,0,3,0.664,0.267,0.533,0.2,0.067,0.933,0,3,0.649
159,2,4,1,17,1050,1,1,1,0,0,0,1,0,1,0.735,0.625,0.083,0.292,0.062,0.938,0,1,0.733
160,2,4,1,17,1105,1,1,0,0,1,0,1,0,1,0.735,0.625,0.083,0.292,0.062,0.938,0,1,0.733
161,2,4,1,17,972,1,1,1,0,0,0,0,0,1,0.735,0.625,0.083,0.292,0.062,0.938,0,1,0.733
162,2,4,1,17,1202,1,1,1,0,0,0,0,0,1,0.735,0.625,0.083,0.292,0.062,0.938,0,1,0.733
163,2,4,1,17,1072,1,1,1,0,0,0,0,0,1,0.735,0.625,0.083,0.292,0.062,0.938,0,1,0.733
164,2,4,1,17,1095,1,1,1,0,0,0,1,0,1,0.735,0.625,0.083,0.292,0.062,0.938,0,1,0.733
165,2,4,3,19,369,3,3,0,1,0,0,1,0,3,0.664,0.267,0.533,0.2,0.067,0.933,0,3,0.649
166,2,4,3,19,2647,1,3,1,0,0,0,1,0,3,0.664,0.267,0.533,0.2,0.067,0.933,0,3,0.649
167,2,4,3,19,1571,1,3,0,0,1,0,1,0,3,0.664,0.267,0.533,0.2,0.067,0.933,0,3,0.649
168,2,4,3,19,1674,1,3,1,0,0,0,1,0,3,0.664,0.267,0.533,0.2,0.067,0.933,0,3,0.649
169,2,4,1,17,1922,1,1,0,1,0,0,1,0,1,0.735,0.625,0.083,0.292,0.062,0.938,0,1,0.733
170,2,4,3,19,1255,3,3,0,1,0,0,1,0,3,0.664,0.267,0.533,0.2,0.067,0.933,0,3,0.649
171,2,4,3,19,865,1,3,0,1,0,0,1,0,3,0.664,0.267,0.533,0.2,0.067,0.933,0,3,0.649
172,2,4,1,17,1908,2,1,0,1,0,0,1,0,1,0.735,0.625,0.083,0.292,0.062,0.938,0,1,0.733
173,2,4,1,17,2282,2,1,1,0,0,0,1,0,1,0.735,0.625,0.083,0.292,0.062,0.938,0,1,0.733
174,2,4,1,17,1551,2,1,0,0,1,0,1,0,1,0.735,0.625,0.083,0.292,0.062,0.938,0,1,0.733
175,2,4,1,17,2897,1,1,1,0,0,0,1,0,1,0.735,0.625,0.083,0.292,0.062,0.938,0,1,0.733
176,2,4,1,17,3075,1,1,0,0,1,0,1,0,1,0.735,0.625,0.083,0.292,0.062,0.938,0,1,0.733
177,2,4,1,17,1984,1,1,1,0,0,0,1,0,1,0.735,0.625,0.083,0.292,0.062,0.938,0,1,0.733
178,2,4,3,19,351,1,3,0,1,0,0,0,0,3,0.664,0.267,0.533,0.2,0.067,0.933,0,3,0.649
179,2,4,1,19,1861,1,1,0,1,0,0,1,0,1,0.735,0.267,0.533,0.2,0.067,0.933,0,1,0.733
180,2,4,1,17,2528,1,1,0,0,1,0,1,0,1,0.735,0.625,0.083,0.292,0.062,0.938,0,1,0.733
181,2,4,3,19,596,3,3,0,1,0,0,1,0,3,0.664,0.267,0.533,0.2,0.067,0.933,0,3,0.649
182,2,4,3,19,236,3,3,0,1,0,0,1,0,3,0.664,0.267,0.533,0.2,0.067,0.933,0,3,0.649
183,3,4,15,11,7130,14,15,1,0,0,1,0,0,19,0.52,1,0,0,0.667,0.333,0,19,0.571
184,3,4,15,11,6256,19,15,1,0,0,1,0,0,19,0.52,1,0,0,0.667,0.333,0,19,0.571
185,3,4,15,10,3472,19,15,1,0,0,0,1,0,19,0.52,1,0,0,0.818,0.182,0,19,0.571
186,3,4,15,10,1742,19,15,1,0,0,1,0,0,19,0.52,1,0,0,0.818,0.182,0,19,0.571
187,3,4,12,9,1834,17,12,1,0,0,1,0,0,17,0.666,1,0,0,0.85,0.15,0,17,0.6
188,3,4,12,9,2385,17,12,1,0,0,1,0,0,17,0.666,1,0,0,0.85,0.15,0,17,0.6
189,3,4,12,9,1753,17,12,1,0,0,1,0,0,17,0.666,1,0,0,0.85,0.15,0,17,0.6
190,3,4,12,9,1719,17,12,1,0,0,1,0,0,17,0.666,1,0,0,0.85,0.15,0,17,0.6
191,3,4,15,10,2938,19,15,1,0,0,1,0,0,19,0.52,1,0,0,0.818,0.182,0,19,0.571
192,3,4,15,10,2140,19,15,1,0,0,0,0,0,19,0.52,1,0,0,0.818,0.182,0,19,0.571
193,3,4,15,10,781,19,15,1,0,0,0,1,0,19,0.52,1,0,0,0.818,0.182,0,19,0.571
194,3,4,12,9,1822,17,12,1,0,0,1,0,0,17,0.666,1,0,0,0.85,0.15,0,17,0.6
195,3,4,12,9,1579,17,12,1,0,0,0,1,0,17,0.666,1,0,0,0.85,0.15,0,17,0.6
196,3,4,12,9,1657,17,12,1,0,0,0,1,0,17,0.666,1,0,0,0.85,0.15,0,17,0.6
197,3,4,12,9,1534,17,12,1,0,0,1,0,0,17,0.666,1,0,0,0.85,0.15,0,17,0.6
198,3,4,17,9,21,17,17,1,0,0,0,0,0,14,0.518,1,0,0,0.85,0.15,0,14,0.562
199,3,4,17,9,1853,17,17,1,0,0,1,0,0,14,0.518,1,0,0,0.85,0.15,0,14,0.562
200,3,4,17,9,1295,17,17,1,0,0,1,0,0,14,0.518,1,0,0,0.85,0.15,0,14,0.562
201,3,4,12,9,1156,17,12,1,0,0,0,0,0,17,0.666,1,0,0,0.85,0.15,0,17,0.6
202,3,4,12,9,2032,17,12,1,0,0,1,0,0,17,0.666,1,0,0,0.85,0.15,0,17,0.6
203,3,4,12,9,2074,17,12,1,0,0,0,0,0,17,0.666,1,0,0,0.85,0.15,0,17,0.6
204,3,4,12,10,1007,17,12,1,0,0,1,0,0,17,0.666,1,0,0,0.818,0.182,0,17,0.6
205,3,4,16,10,6535,19,16,1,0,0,0,0,0,18,0.425,1,0,0,0.818,0.182,0,18,0.4
206,3,4,15,10,4052,19,15,1,0,0,1,0,0,19,0.52,1,0,0,0.818,0.182,0,19,0.571
207,3,4,12,9,2243,17,12,1,0,0,0,1,0,17,0.666,1,0,0,0.85,0.15,0,17,0.6
208,3,4,12,9,1888,17,12,1,0,0,1,0,0,17,0.666,1,0,0,0.85,0.15,0,17,0.6
209,3,4,12,9,1678,17,12,1,0,0,1,0,0,17,0.666,1,0,0,0.85,0.15,0,17,0.6
210,3,4,12,9,2067,17,12,1,0,0,1,0,0,17,0.666,1,0,0,0.85,0.15,0,17,0.6
211,3,4,17,9,1944,17,17,1,0,0,1,0,0,14,0.518,1,0,0,0.85,0.15,0,14,0.562
212,3,4,12,9,1038,17,12,1,0,0,1,0,0,17,0.666,1,0,0,0.85,0.15,0,17,0.6
213,3,4,12,9,919,17,12,1,0,0,1,0,0,17,0.666,1,0,0,0.85,0.15,0,17,0.6
214,3,4,17,9,1329,17,17,1,0,0,1,0,0,14,0.518,1,0,0,0.85,0.15,0,14,0.562
215,3,4,17,9,378,17,17,1,0,0,1,0,0,14,0.518,1,0,0,0.85,0.15,0,14,0.562
216,3,4,17,8,1002,18,17,1,0,0,1,0,0,14,0.518,1,0,0,0.947,0.053,0,14,0.562
217,3,4,12,8,1526,18,12,1,0,0,1,0,0,17,0.666,1,0,0,0.947,0.053,0,17,0.6
218,3,4,12,8,1704,18,12,1,0,0,1,0,0,17,0.666,1,0,0,0.947,0.053,0,17,0.6
219,3,4,12,10,696,18,12,1,0,0,1,0,0,17,0.666,1,0,0,0.818,0.182,0,17,0.6
220,3,4,16,10,950,19,16,1,0,0,1,0,0,18,0.425,1,0,0,0.818,0.182,0,18,0.4
221,3,4,17,8,906,18,17,1,0,0,1,0,0,14,0.518,1,0,0,0.947,0.053,0,14,0.562
222,3,4,17,8,663,18,17,1,0,0,1,0,0,14,0.518,1,0,0,0.947,0.053,0,14,0.562
223,3,4,17,8,890,18,17,1,0,0,1,0,0,14,0.518,1,0,0,0.947,0.053,0,14,0.562
224,3,4,17,8,1448,18,17,1,0,0,1,0,0,14,0.518,1,0,0,0.947,0.053,0,14,0.562
225,3,4,17,8,1540,18,17,1,0,0,0,0,0,14,0.518,1,0,0,0.947,0.053,0,14,0.562
226,3,4,12,8,1543,18,12,1,0,0,1,0,0,17,0.666,1,0,0,0.947,0.053,0,17,0.6
227,3,4,12,8,1749,18,12,1,0,0,1,0,0,17,0.666,1,0,0,0.947,0.053,0,17,0.6
228,3,4,12,8,1172,18,12,1,0,0,1,0,0,17,0.666,1,0,0,0.947,0.053,0,17,0.6
230,3,4,13,11,8216,15,13,1,0,0,0,1,0,15,1,1,0,0,0.667,0.333,0,15,1
231,3,4,15,11,2800,19,15,1,0,0,0,0,0,19,0.52,1,0,0,0.667,0.333,0,19,0.571
232,3,4,16,10,2176,19,16,1,0,0,1,0,0,18,0.425,1,0,0,0.818,0.182,0,18,0.4
233,3,4,16,10,2307,19,16,1,0,0,1,0,0,18,0.425,1,0,0,0.818,0.182,0,18,0.4
234,3,4,16,10,1943,18,16,1,0,0,1,0,0,18,0.425,1,0,0,0.818,0.182,0,18,0.4
235,3,4,16,8,1439,18,16,1,0,0,1,0,0,18,0.425,1,0,0,0.947,0.053,0,18,0.4
236,3,4,16,8,1684,18,16,1,0,0,1,0,0,18,0.425,1,0,0,0.947,0.053,0,18,0.4
237,3,4,16,8,1469,18,16,1,0,0,1,0,0,18,0.425,1,0,0,0.947,0.053,0,18,0.4
239,3,4,17,8,1140,18,17,1,0,0,1,0,0,14,0.518,1,0,0,0.947,0.053,0,14,0.562
240,3,4,16,8,2054,18,16,1,0,0,0,0,0,18,0.425,1,0,0,0.947,0.053,0,18,0.4
241,3,4,16,8,1731,18,16,1,0,0,0,1,0,18,0.425,1,0,0,0.947,0.053,0,18,0.4
242,3,4,16,8,1901,18,16,1,0,0,1,0,0,18,0.425,1,0,0,0.947,0.053,0,18,0.4
243,3,4,16,10,3253,19,16,1,0,0,0,0,0,18,0.425,1,0,0,0.818,0.182,0,18,0.4
244,3,4,13,11,10616,15,13,1,0,0,0,0,0,15,1,1,0,0,0.667,0.333,0,15,1
245,3,4,16,8,2025,18,16,1,0,0,1,0,0,18,0.425,1,0,0,0.947,0.053,0,18,0.4
246,3,4,16,8,1655,18,16,1,0,0,1,0,0,18,0.425,1,0,0,0.947,0.053,0,18,0.4
247,3,4,16,8,1707,18,16,1,0,0,0,0,0,18,0.425,1,0,0,0.947,0.053,0,18,0.4
248,3,4,16,8,1598,18,16,1,0,0,0,0,0,18,0.425,1,0,0,0.947,0.053,0,18,0.4
249,3,4,16,8,3814,18,16,1,0,0,1,0,0,18,0.425,1,0,0,0.947,0.053,0,18,0.4
250,3,4,14,12,3209,16,14,0,0,1,1,0,0,16,1,0.364,0.455,0.182,0.3,0.7,0,16,1
251,3,4,14,12,1418,16,14,1,0,0,0,0,0,16,1,0.364,0.455,0.182,0.3,0.7,0,16,1
252,3,4,14,12,1416,16,14,1,0,0,0,1,0,16,1,0.364,0.455,0.182,0.3,0.7,0,16,1
253,3,4,14,12,1490,16,14,1,0,0,0,1,0,16,1,0.364,0.455,0.182,0.3,0.7,0,16,1
254,3,4,14,12,965,16,14,0,1,0,0,1,0,16,1,0.364,0.455,0.182,0.3,0.7,0,16,1
255,3,4,14,12,716,16,14,0,1,0,0,1,0,16,1,0.364,0.455,0.182,0.3,0.7,0,16,1
256,3,4,14,12,3509,16,14,0,0,1,0,1,0,16,1,0.364,0.455,0.182,0.3,0.7,0,16,1
257,3,4,14,12,2702,16,14,1,0,0,1,0,0,16,1,0.364,0.455,0.182,0.3,0.7,0,16,1
258,3,4,14,12,1940,16,14,0,1,0,0,1,0,16,1,0.364,0.455,0.182,0.3,0.7,0,16,1
259,3,4,14,12,1593,16,14,0,1,0,0,1,0,16,1,0.364,0.455,0.182,0.3,0.7,0,16,1
260,3,4,14,12,1017,16,14,0,1,0,1,0,0,16,1,0.364,0.455,0.182,0.3,0.7,0,16,1
261,3,4,14,20,1589,16,14,0,1,0,0,1,0,16,1,0.059,0.824,0.118,0.12,0.88,0,16,1
262,3,4,14,20,1935,16,14,0,1,0,0,1,0,16,1,0.059,0.824,0.118,0.12,0.88,0,16,1
263,3,4,17,20,1388,14,17,0,1,0,0,1,0,14,0.518,0.059,0.824,0.118,0.12,0.88,0,14,0.562
264,3,4,17,20,620,14,17,0,1,0,0,1,0,14,0.518,0.059,0.824,0.118,0.12,0.88,0,14,0.562
265,3,4,17,20,3190,14,17,0,0,1,0,1,0,14,0.518,0.059,0.824,0.118,0.12,0.88,0,14,0.562
266,3,4,17,20,1920,14,17,1,0,0,0,1,0,14,0.518,0.059,0.824,0.118,0.12,0.88,0,14,0.562
267,3,4,17,20,4389,14,17,0,0,1,0,0,0,14,0.518,0.059,0.824,0.118,0.12,0.88,0,14,0.562
268,3,4,17,20,2552,14,17,0,0,1,0,0,0,14,0.518,0.059,0.824,0.118,0.12,0.88,0,14,0.562
269,3,4,17,20,615,14,17,0,1,0,0,1,0,14,0.518,0.059,0.824,0.118,0.12,0.88,0,14,0.562
270,3,4,14,20,416,16,14,0,1,0,0,0,0,16,1,0.059,0.824,0.118,0.12,0.88,0,16,1
271,3,4,14,20,1162,16,14,0,1,0,0,1,0,16,1,0.059,0.824,0.118,0.12,0.88,0,16,1
272,3,4,14,20,171,16,14,0,1,0,0,1,0,16,1,0.059,0.824,0.118,0.12,0.88,0,16,1
273,10,4,4,14,3519,4,4,0,1,0,0,0,0,4,1,0.133,0.833,0.033,0.444,0.556,0,4,1
274,10,4,4,14,1343,4,4,0,1,0,1,0,0,4,1,0.133,0.833,0.033,0.444,0.556,0,4,1
275,10,4,4,14,703,4,4,0,1,0,0,0,0,4,1,0.133,0.833,0.033,0.444,0.556,0,4,1
276,10,4,4,14,568,4,4,0,1,0,0,1,0,4,1,0.133,0.833,0.033,0.444,0.556,0,4,1
277,10,4,4,14,2321,4,4,0,1,0,0,0,0,4,1,0.133,0.833,0.033,0.444,0.556,0,4,1
278,10,4,4,14,4376,4,4,0,1,0,0,1,0,4,1,0.133,0.833,0.033,0.444,0.556,0,4,1
279,10,4,4,14,2030,4,4,1,0,0,0,0,0,4,1,0.133,0.833,0.033,0.444,0.556,0,4,1
280,10,4,4,14,2454,4,4,1,0,0,0,0,0,4,1,0.133,0.833,0.033,0.444,0.556,0,4,1
281,10,4,4,14,1978,4,4,0,0,1,0,1,0,4,1,0.133,0.833,0.033,0.444,0.556,0,4,1
282,10,4,4,14,1413,4,4,1,0,0,1,0,0,4,1,0.133,0.833,0.033,0.444,0.556,0,4,1
283,10,4,4,14,1963,4,4,1,0,0,0,1,0,4,1,0.133,0.833,0.033,0.444,0.556,0,4,1
284,3,4,14,20,503,16,14,0,1,0,0,1,0,16,1,0.059,0.824,0.118,0.12,0.88,0,16,1
285,10,4,4,14,1045,4,4,0,1,0,1,0,0,4,1,0.133,0.833,0.033,0.444,0.556,0,4,1
286,10,4,4,14,423,4,4,0,1,0,0,0,0,4,1,0.133,0.833,0.033,0.444,0.556,0,4,1
287,10,4,4,14,458,4,4,0,1,0,0,1,0,4,1,0.133,0.833,0.033,0.444,0.556,0,4,1
288,10,4,4,14,582,4,4,0,1,0,1,0,0,4,1,0.133,0.833,0.033,0.444,0.556,0,4,1
289,10,4,4,14,834,4,4,0,1,0,1,0,0,4,1,0.133,0.833,0.033,0.444,0.556,0,4,1
290,10,4,4,14,222,4,4,0,1,0,0,1,0,4,1,0.133,0.833,0.033,0.444,0.556,0,4,1
291,10,4,4,14,1518,4,4,0,1,0,1,0,0,4,1,0.133,0.833,0.033,0.444,0.556,0,4,1
292,10,4,4,14,768,4,4,0,1,0,0,0,0,4,1,0.133,0.833,0.033,0.444,0.556,0,4,1
293,10,4,4,14,1301,4,4,0,1,0,1,0,0,4,1,0.133,0.833,0.033,0.444,0.556,0,4,1
294,10,4,4,14,210,4,4,0,1,0,0,1,0,4,1,0.133,0.833,0.033,0.444,0.556,0,4,1
295,10,4,4,14,403,4,4,0,1,0,0,0,0,4,1,0.133,0.833,0.033,0.444,0.556,0,4,1
296,10,4,4,14,1038,4,4,0,1,0,0,1,0,4,1,0.133,0.833,0.033,0.444,0.556,0,4,1
297,10,4,4,14,953,4,4,0,1,0,1,0,0,4,1,0.133,0.833,0.033,0.444,0.556,0,4,1
298,10,4,4,14,1224,4,4,0,1,0,0,1,0,4,1,0.133,0.833,0.033,0.444,0.556,0,4,1
299,10,4,4,14,1295,4,4,0,1,0,0,0,0,4,1,0.133,0.833,0.033,0.444,0.556,0,4,1
300,10,4,4,14,606,4,4,0,1,0,0,0,0,4,1,0.133,0.833,0.033,0.444,0.556,0,4,1
301,10,4,4,14,1135,4,4,0,1,0,0,0,0,4,1,0.133,0.833,0.033,0.444,0.556,0,4,1
302,10,4,4,14,413,4,4,0,1,0,0,0,0,4,1,0.133,0.833,0.033,0.444,0.556,0,4,1
303,4,4,21,15,951,11,21,1,0,0,0,1,0,11,0.924,0.68,0.24,0.08,0.05,0.95,0,11,0.852
304,4,4,21,15,1559,11,21,1,0,0,0,1,0,11,0.924,0.68,0.24,0.08,0.05,0.95,0,11,0.852
305,4,4,21,15,1907,11,21,1,0,0,0,1,0,11,0.924,0.68,0.24,0.08,0.05,0.95,0,11,0.852
306,4,4,21,15,1103,11,21,1,0,0,0,1,0,11,0.924,0.68,0.24,0.08,0.05,0.95,0,11,0.852
307,4,4,21,15,1305,11,21,1,0,0,0,1,0,11,0.924,0.68,0.24,0.08,0.05,0.95,0,11,0.852
308,4,4,21,15,449,11,21,1,0,0,0,1,0,11,0.924,0.68,0.24,0.08,0.05,0.95,0,11,0.852
309,4,4,21,15,941,11,21,1,0,0,0,1,0,11,0.924,0.68,0.24,0.08,0.05,0.95,0,11,0.852
310,4,4,21,15,1218,11,21,1,0,0,0,1,0,11,0.924,0.68,0.24,0.08,0.05,0.95,0,11,0.852
311,4,4,21,15,1170,11,21,1,0,0,0,1,0,11,0.924,0.68,0.24,0.08,0.05,0.95,0,11,0.852
312,4,4,21,15,2429,11,21,1,0,0,1,0,0,11,0.924,0.68,0.24,0.08,0.05,0.95,0,11,0.852
313,4,4,21,15,1986,11,21,1,0,0,0,1,0,11,0.924,0.68,0.24,0.08,0.05,0.95,0,11,0.852
314,4,4,21,15,1567,11,21,1,0,0,0,1,0,11,0.924,0.68,0.24,0.08,0.05,0.95,0,11,0.852
315,4,4,21,15,1928,11,21,1,0,0,0,1,0,11,0.924,0.68,0.24,0.08,0.05,0.95,0,11,0.852
316,4,4,21,15,2016,11,21,1,0,0,0,1,0,11,0.924,0.68,0.24,0.08,0.05,0.95,0,11,0.852
317,4,4,21,15,2953,11,21,1,0,0,0,0,0,11,0.924,0.68,0.24,0.08,0.05,0.95,0,11,0.852
318,4,4,21,15,2147,11,21,1,0,0,0,1,0,11,0.924,0.68,0.24,0.08,0.05,0.95,0,11,0.852
319,4,4,21,15,6051,11,21,0,0,1,0,0,0,11,0.924,0.68,0.24,0.08,0.05,0.95,0,11,0.852
320,4,4,20,16,2002,12,20,0,0,1,0,1,0,8,0.431,0.25,0.571,0.179,0.261,0.739,0,8,0.41
321,4,4,20,16,897,12,20,1,0,0,0,1,0,8,0.431,0.25,0.571,0.179,0.261,0.739,0,8,0.41
322,4,4,20,16,1619,12,20,1,0,0,0,1,0,8,0.431,0.25,0.571,0.179,0.261,0.739,0,8,0.41
323,4,4,20,16,1235,12,20,0,0,1,0,1,0,8,0.431,0.25,0.571,0.179,0.261,0.739,0,8,0.41
324,4,4,20,16,1779,12,20,1,0,0,0,1,0,8,0.431,0.25,0.571,0.179,0.261,0.739,0,8,0.41
325,4,4,20,16,1193,12,20,1,0,0,0,1,0,8,0.431,0.25,0.571,0.179,0.261,0.739,0,8,0.41
326,4,4,20,16,1016,12,20,0,1,0,0,1,0,8,0.431,0.25,0.571,0.179,0.261,0.739,0,8,0.41
327,4,4,20,16,2298,8,20,0,0,1,0,1,0,8,0.431,0.25,0.571,0.179,0.261,0.739,0,8,0.41
328,4,4,20,16,1678,8,20,1,0,0,0,1,0,8,0.431,0.25,0.571,0.179,0.261,0.739,0,8,0.41
329,4,4,20,16,1189,12,20,0,1,0,0,1,0,8,0.431,0.25,0.571,0.179,0.261,0.739,0,8,0.41
330,4,4,20,16,1253,12,20,1,0,0,0,1,0,8,0.431,0.25,0.571,0.179,0.261,0.739,0,8,0.41
331,4,4,20,16,5258,12,20,0,0,1,1,0,0,8,0.431,0.25,0.571,0.179,0.261,0.739,0,8,0.41
332,4,4,20,16,718,8,20,0,1,0,0,1,0,8,0.431,0.25,0.571,0.179,0.261,0.739,0,8,0.41
333,4,4,20,16,1506,8,20,0,1,0,0,1,0,8,0.431,0.25,0.571,0.179,0.261,0.739,0,8,0.41
334,4,4,20,16,1401,8,20,0,1,0,0,0,0,8,0.431,0.25,0.571,0.179,0.261,0.739,0,8,0.41
335,4,4,20,16,891,8,20,0,1,0,1,0,0,8,0.431,0.25,0.571,0.179,0.261,0.739,0,8,0.41
336,4,4,20,16,1256,8,20,0,1,0,0,0,0,8,0.431,0.25,0.571,0.179,0.261,0.739,0,8,0.41
337,4,4,20,16,1116,8,20,0,1,0,0,0,0,8,0.431,0.25,0.571,0.179,0.261,0.739,0,8,0.41
338,4,4,21,15,290,11,21,0,1,0,0,1,0,11,0.924,0.68,0.24,0.08,0.05,0.95,0,11,0.852
339,4,4,20,16,1260,8,20,0,1,0,1,0,0,8,0.431,0.25,0.571,0.179,0.261,0.739,0,8,0.41
340,4,4,20,16,4038,8,20,0,1,0,1,0,0,8,0.431,0.25,0.571,0.179,0.261,0.739,0,8,0.41
341,4,4,21,15,1529,11,21,0,1,0,0,0,0,11,0.924,0.68,0.24,0.08,0.05,0.95,0,11,0.852
342,4,4,20,16,1879,8,20,0,0,1,0,1,0,8,0.431,0.25,0.571,0.179,0.261,0.739,0,8,0.41
343,4,4,20,16,1304,8,20,1,0,0,0,1,0,8,0.431,0.25,0.571,0.179,0.261,0.739,0,8,0.41
344,4,4,21,15,973,11,21,0,1,0,0,1,0,11,0.924,0.68,0.24,0.08,0.05,0.95,0,11,0.852
345,4,4,21,15,1080,11,21,1,0,0,0,0,0,11,0.924,0.68,0.24,0.08,0.05,0.95,0,11,0.852
346,4,4,21,15,1438,11,21,0,0,1,0,1,0,11,0.924,0.68,0.24,0.08,0.05,0.95,0,11,0.852
347,4,4,20,16,1827,8,20,0,1,0,0,1,0,8,0.431,0.25,0.571,0.179,0.261,0.739,0,8,0.41
348,4,4,20,16,1010,8,20,0,1,0,0,0,0,8,0.431,0.25,0.571,0.179,0.261,0.739,0,8,0.41
349,4,4,21,15,1414,11,21,0,1,0,0,1,0,11,0.924,0.68,0.24,0.08,0.05,0.95,0,11,0.852
350,4,4,21,15,1669,8,21,0,1,0,0,1,0,11,0.924,0.68,0.24,0.08,0.05,0.95,0,11,0.852
351,4,4,21,15,602,8,21,0,1,0,0,0,0,11,0.924,0.68,0.24,0.08,0.05,0.95,0,11,0.852
352,4,4,20,16,847,8,20,0,1,0,1,0,0,8,0.431,0.25,0.571,0.179,0.261,0.739,0,8,0.41
353,4,4,21,16,518,8,21,0,1,0,0,1,0,11,0.924,0.25,0.571,0.179,0.261,0.739,0,11,0.852
354,4,4,20,16,934,8,20,0,1,0,1,0,0,8,0.431,0.25,0.571,0.179,0.261,0.739,0,8,0.41
355,4,4,21,16,359,8,21,0,1,0,0,0,0,11,0.924,0.25,0.571,0.179,0.261,0.739,0,11,0.852
356,9,4,18,21,2711,21,18,0,1,0,0,1,0,21,1,0,0.962,0.038,0.133,0.867,0,21,1
357,9,4,18,21,821,21,18,0,1,0,0,1,0,21,1,0,0.962,0.038,0.133,0.867,0,21,1
358,9,4,18,21,399,21,18,0,1,0,0,1,0,21,1,0,0.962,0.038,0.133,0.867,0,21,1
359,11,4,18,21,992,21,18,0,1,0,0,1,0,21,1,0,0.962,0.038,0.133,0.867,0,21,1
360,11,4,18,21,1785,21,18,0,1,0,0,0,0,21,1,0,0.962,0.038,0.133,0.867,0,21,1
361,9,4,18,21,4756,21,18,0,1,0,0,0,0,21,1,0,0.962,0.038,0.133,0.867,0,21,1
362,11,4,18,21,907,21,18,0,1,0,0,1,0,21,1,0,0.962,0.038,0.133,0.867,0,21,1
363,5,4,3,19,2953,3,3,0,0,1,0,1,0,3,0.664,0.267,0.533,0.2,0.067,0.933,0,3,0.649
364,5,4,3,19,3218,3,3,1,0,0,0,0,0,3,0.664,0.267,0.533,0.2,0.067,0.933,0,3,0.649
365,5,4,3,19,1203,3,3,1,0,0,0,1,0,3,0.664,0.267,0.533,0.2,0.067,0.933,0,3,0.649
366,5,4,3,19,1575,3,3,1,0,0,0,0,0,3,0.664,0.267,0.533,0.2,0.067,0.933,0,3,0.649
367,5,4,3,19,800,3,3,0,0,1,0,1,0,3,0.664,0.267,0.533,0.2,0.067,0.933,0,3,0.649
368,5,4,3,19,551,3,3,0,0,1,1,0,0,3,0.664,0.267,0.533,0.2,0.067,0.933,0,3,0.649
369,5,4,3,19,885,3,3,0,1,0,0,0,0,3,0.664,0.267,0.533,0.2,0.067,0.933,0,3,0.649
370,5,4,3,19,1626,3,3,0,1,0,0,0,0,3,0.664,0.267,0.533,0.2,0.067,0.933,0,3,0.649
371,5,4,3,19,1160,3,3,0,1,0,0,0,0,3,0.664,0.267,0.533,0.2,0.067,0.933,0,3,0.649
372,5,4,3,19,1802,3,3,0,1,0,0,0,0,3,0.664,0.267,0.533,0.2,0.067,0.933,0,3,0.649
373,5,4,3,19,1236,3,3,0,1,0,0,0,0,3,0.664,0.267,0.533,0.2,0.067,0.933,0,3,0.649
374,5,4,3,19,485,3,3,0,1,0,0,0,0,3,0.664,0.267,0.533,0.2,0.067,0.933,0,3,0.649
375,5,4,3,19,1776,3,3,1,0,0,0,0,0,3,0.664,0.267,0.533,0.2,0.067,0.933,0,3,0.649
376,5,4,3,19,1970,3,3,0,0,1,0,0,0,3,0.664,0.267,0.533,0.2,0.067,0.933,0,3,0.649
377,5,4,3,19,1415,3,3,1,0,0,0,0,0,3,0.664,0.267,0.533,0.2,0.067,0.933,0,3,0.649
378,5,4,3,19,1809,3,3,1,0,0,0,0,0,3,0.664,0.267,0.533,0.2,0.067,0.933,0,3,0.649
379,5,4,3,19,1730,3,3,0,0,1,0,0,0,3,0.664,0.267,0.533,0.2,0.067,0.933,0,3,0.649
380,5,4,3,19,2428,3,3,0,1,0,0,0,0,3,0.664,0.267,0.533,0.2,0.067,0.933,0,3,0.649
381,6,4,2,18,2426,2,2,0,0,1,0,1,0,2,0.866,0.094,0.688,0.219,0.333,0.667,0,2,0.914
382,6,4,2,18,4696,2,2,0,0,1,0,1,0,2,0.866,0.094,0.688,0.219,0.333,0.667,0,2,0.914
383,6,4,2,18,1168,2,2,1,0,0,0,1,0,2,0.866,0.094,0.688,0.219,0.333,0.667,0,2,0.914
384,6,4,2,18,1233,2,2,1,0,0,0,1,0,2,0.866,0.094,0.688,0.219,0.333,0.667,0,2,0.914
385,6,4,2,18,469,2,2,0,1,0,0,1,0,2,0.866,0.094,0.688,0.219,0.333,0.667,0,2,0.914
386,6,4,2,18,511,2,2,0,1,0,0,1,0,2,0.866,0.094,0.688,0.219,0.333,0.667,0,2,0.914
387,6,4,2,18,441,2,2,0,1,0,0,1,0,2,0.866,0.094,0.688,0.219,0.333,0.667,0,2,0.914
388,6,4,2,18,2998,2,2,0,0,1,0,0,0,2,0.866,0.094,0.688,0.219,0.333,0.667,0,2,0.914
389,6,4,2,18,1332,2,2,0,0,1,1,0,0,2,0.866,0.094,0.688,0.219,0.333,0.667,0,2,0.914
390,6,4,2,18,416,2,2,0,1,0,0,1,0,2,0.866,0.094,0.688,0.219,0.333,0.667,0,2,0.914
391,6,4,2,18,450,2,2,0,1,0,0,1,0,2,0.866,0.094,0.688,0.219,0.333,0.667,0,2,0.914
392,6,4,2,18,385,2,2,0,1,0,0,1,0,2,0.866,0.094,0.688,0.219,0.333,0.667,0,2,0.914
393,6,4,2,18,148,2,2,0,1,0,1,0,0,2,0.866,0.094,0.688,0.219,0.333,0.667,0,2,0.914
394,6,4,2,18,970,2,2,0,1,0,0,1,0,2,0.866,0.094,0.688,0.219,0.333,0.667,0,2,0.914
395,6,4,2,18,1193,2,2,0,1,0,0,0,0,2,0.866,0.094,0.688,0.219,0.333,0.667,0,2,0.914
396,6,4,2,18,641,2,2,0,1,0,0,0,0,2,0.866,0.094,0.688,0.219,0.333,0.667,0,2,0.914
397,6,4,2,18,881,2,2,0,1,0,1,0,0,2,0.866,0.094,0.688,0.219,0.333,0.667,0,2,0.914
398,6,4,2,18,997,2,2,0,1,0,1,0,0,2,0.866,0.094,0.688,0.219,0.333,0.667,0,2,0.914
399,6,4,2,18,639,2,2,0,1,0,0,0,0,2,0.866,0.094,0.688,0.219,0.333,0.667,0,2,0.914
400,6,4,2,18,2085,2,2,0,0,1,0,1,0,2,0.866,0.094,0.688,0.219,0.333,0.667,0,2,0.914
401,6,4,2,18,1490,2,2,1,0,0,0,1,0,2,0.866,0.094,0.688,0.219,0.333,0.667,0,2,0.914
402,6,4,2,18,713,2,2,0,1,0,0,1,0,2,0.866,0.094,0.688,0.219,0.333,0.667,0,2,0.914
403,6,4,2,18,1833,2,2,0,0,1,0,1,0,2,0.866,0.094,0.688,0.219,0.333,0.667,0,2,0.914
404,6,4,2,18,1118,2,2,0,0,1,0,1,0,2,0.866,0.094,0.688,0.219,0.333,0.667,0,2,0.914
405,6,4,2,18,1193,2,2,0,1,0,1,0,0,2,0.866,0.094,0.688,0.219,0.333,0.667,0,2,0.914
406,6,4,2,18,684,2,2,0,1,0,1,0,0,2,0.866,0.094,0.688,0.219,0.333,0.667,0,2,0.914
407,6,4,2,18,1086,2,2,0,1,0,0,0,0,2,0.866,0.094,0.688,0.219,0.333,0.667,0,2,0.914
408,6,4,2,18,524,2,2,0,1,0,0,1,0,2,0.866,0.094,0.688,0.219,0.333,0.667,0,2,0.914
409,6,4,2,18,1228,2,2,0,1,0,0,1,0,2,0.866,0.094,0.688,0.219,0.333,0.667,0,2,0.914
410,6,4,2,18,2019,2,2,0,1,0,1,0,0,2,0.866,0.094,0.688,0.219,0.333,0.667,0,2,0.914
411,6,4,2,18,756,2,2,0,1,0,1,0,0,2,0.866,0.094,0.688,0.219,0.333,0.667,0,2,0.914
412,6,4,2,18,455,2,2,0,1,0,1,0,0,2,0.866,0.094,0.688,0.219,0.333,0.667,0,2,0.914
413,11,4,18,21,580,21,18,0,1,0,0,1,0,21,1,0,0.962,0.038,0.133,0.867,0,21,1
414,11,4,18,21,393,21,18,0,1,0,0,1,0,21,1,0,0.962,0.038,0.133,0.867,0,21,1
415,11,4,18,21,2442,21,18,0,1,0,0,1,0,21,1,0,0.962,0.038,0.133,0.867,0,21,1
416,11,4,18,21,274,21,18,0,1,0,0,0,0,21,1,0,0.962,0.038,0.133,0.867,0,21,1
417,11,4,18,21,5239,21,18,0,0,1,0,1,0,21,1,0,0.962,0.038,0.133,0.867,0,21,1
418,11,4,18,21,191,21,18,0,1,0,0,0,0,21,1,0,0.962,0.038,0.133,0.867,0,21,1
419,11,4,18,21,517,21,18,0,1,0,0,1,0,21,1,0,0.962,0.038,0.133,0.867,0,21,1
420,11,4,18,21,505,21,18,0,1,0,0,0,0,21,1,0,0.962,0.038,0.133,0.867,0,21,1
421,11,4,18,21,2576,21,18,0,1,0,0,0,0,21,1,0,0.962,0.038,0.133,0.867,0,21,1
422,11,4,18,21,1167,21,18,0,1,0,0,0,0,21,1,0,0.962,0.038,0.133,0.867,0,21,1
423,11,4,18,21,378,21,18,0,1,0,0,0,0,21,1,0,0.962,0.038,0.133,0.867,0,21,1
424,11,4,18,21,586,21,18,0,1,0,1,0,0,21,1,0,0.962,0.038,0.133,0.867,0,21,1
425,11,4,18,21,2145,21,18,0,1,0,0,1,0,21,1,0,0.962,0.038,0.133,0.867,0,21,1
426,11,4,18,21,3845,21,18,0,1,0,0,0,0,21,1,0,0.962,0.038,0.133,0.867,0,21,1
427,11,4,18,21,2775,21,18,0,1,0,0,1,0,21,1,0,0.962,0.038,0.133,0.867,0,21,1
428,7,4,17,20,1845,14,17,1,0,0,0,1,0,14,0.518,0.059,0.824,0.118,0.12,0.88,0,14,0.562
429,7,4,17,20,2059,14,17,0,0,1,0,1,0,14,0.518,0.059,0.824,0.118,0.12,0.88,0,14,0.562
430,7,4,17,20,566,14,17,0,1,0,0,0,0,14,0.518,0.059,0.824,0.118,0.12,0.88,0,14,0.562
431,7,4,17,20,896,14,17,0,1,0,0,1,0,14,0.518,0.059,0.824,0.118,0.12,0.88,0,14,0.562
432,7,4,17,20,464,14,17,0,1,0,0,1,0,14,0.518,0.059,0.824,0.118,0.12,0.88,0,14,0.562
433,7,4,17,20,754,14,17,0,1,0,0,1,0,14,0.518,0.059,0.824,0.118,0.12,0.88,0,14,0.562
434,7,4,17,20,225,14,17,0,1,0,0,1,0,14,0.518,0.059,0.824,0.118,0.12,0.88,0,14,0.562
435,7,4,17,20,542,14,17,0,1,0,0,1,0,14,0.518,0.059,0.824,0.118,0.12,0.88,0,14,0.562
436,7,4,17,20,139,14,17,0,1,0,0,1,0,14,0.518,0.059,0.824,0.118,0.12,0.88,0,14,0.562
437,7,4,17,20,166,14,17,0,1,0,0,0,0,14,0.518,0.059,0.824,0.118,0.12,0.88,0,14,0.562
439,7,4,17,20,834,14,17,0,1,0,0,0,0,14,0.518,0.059,0.824,0.118,0.12,0.88,0,14,0.562
440,8,4,11,7,2153,3,11,0,0,1,0,0,0,9,0.452,0.143,0.667,0.19,0.214,0.786,0,9,0.5
441,8,4,11,7,1851,3,11,1,0,0,0,1,0,9,0.452,0.143,0.667,0.19,0.214,0.786,0,9,0.5
442,8,4,11,7,2083,3,11,1,0,0,0,1,0,9,0.452,0.143,0.667,0.19,0.214,0.786,0,9,0.5
443,8,4,11,7,1650,3,11,0,0,1,0,1,0,9,0.452,0.143,0.667,0.19,0.214,0.786,0,9,0.5
444,8,4,11,7,203,3,11,0,1,0,0,0,0,9,0.452,0.143,0.667,0.19,0.214,0.786,0,9,0.5
445,8,4,11,7,1020,3,11,0,1,0,0,1,0,9,0.452,0.143,0.667,0.19,0.214,0.786,0,9,0.5
446,8,4,11,7,101,3,11,0,1,0,0,0,0,9,0.452,0.143,0.667,0.19,0.214,0.786,0,9,0.5
447,8,4,11,7,431,3,11,0,1,0,0,1,0,9,0.452,0.143,0.667,0.19,0.214,0.786,0,9,0.5
448,9,4,19,13,3785,20,19,0,0,1,0,1,0,20,1,0.643,0.25,0.107,0.125,0.875,0,20,1
449,9,4,19,13,1611,20,19,1,0,0,0,1,0,20,1,0.643,0.25,0.107,0.125,0.875,0,20,1
450,9,4,19,13,1927,20,19,1,0,0,0,1,0,20,1,0.643,0.25,0.107,0.125,0.875,0,20,1
451,9,4,19,13,2601,20,19,1,0,0,0,0,0,20,1,0.643,0.25,0.107,0.125,0.875,0,20,1
452,9,4,19,13,738,20,19,1,0,0,0,1,0,20,1,0.643,0.25,0.107,0.125,0.875,0,20,1
453,9,4,19,13,1181,20,19,1,0,0,0,1,0,20,1,0.643,0.25,0.107,0.125,0.875,0,20,1
454,9,4,19,13,2747,20,19,1,0,0,0,1,0,20,1,0.643,0.25,0.107,0.125,0.875,0,20,1
455,9,4,19,13,2246,20,19,0,0,1,0,1,0,20,1,0.643,0.25,0.107,0.125,0.875,0,20,1
456,9,4,19,13,1254,20,19,1,0,0,0,1,0,20,1,0.643,0.25,0.107,0.125,0.875,0,20,1
457,9,4,19,13,1072,20,19,1,0,0,0,1,0,20,1,0.643,0.25,0.107,0.125,0.875,0,20,1
458,9,4,19,13,1205,20,19,1,0,0,0,1,0,20,1,0.643,0.25,0.107,0.125,0.875,0,20,1
459,9,4,19,13,1157,20,19,1,0,0,0,0,0,20,1,0.643,0.25,0.107,0.125,0.875,0,20,1
460,9,4,19,13,758,20,19,1,0,0,0,1,0,20,1,0.643,0.25,0.107,0.125,0.875,0,20,1
461,9,4,19,13,1492,20,19,1,0,0,0,1,0,20,1,0.643,0.25,0.107,0.125,0.875,0,20,1
462,9,4,19,13,1442,20,19,1,0,0,0,0,0,20,1,0.643,0.25,0.107,0.125,0.875,0,20,1
463,9,4,19,13,1282,20,19,1,0,0,0,0,0,20,1,0.643,0.25,0.107,0.125,0.875,0,20,1
464,9,4,19,13,2910,20,19,1,0,0,0,0,0,20,1,0.643,0.25,0.107,0.125,0.875,0,20,1
465,9,4,19,13,502,20,19,0,1,0,0,0,0,20,1,0.643,0.25,0.107,0.125,0.875,0,20,1
466,9,4,19,13,644,20,19,0,1,0,0,0,0,20,1,0.643,0.25,0.107,0.125,0.875,0,20,1
467,9,4,18,21,820,21,18,0,1,0,0,1,0,21,1,0,0.962,0.038,0.133,0.867,0,21,1
468,9,4,18,21,3500,21,18,0,1,0,0,0,0,21,1,0,0.962,0.038,0.133,0.867,0,21,1
469,9,4,18,21,742,21,18,0,1,0,0,0,0,21,1,0,0.962,0.038,0.133,0.867,0,21,1
470,9,4,18,21,1462,21,18,0,1,0,1,0,0,21,1,0,0.962,0.038,0.133,0.867,0,21,1
471,9,4,19,13,1786,20,19,0,1,0,0,0,0,20,1,0.643,0.25,0.107,0.125,0.875,0,20,1
472,3,4,14,20,1313,16,14,0,1,0,1,0,0,16,1,0.059,0.824,0.118,0.12,0.88,0,16,1
473,3,4,14,20,1261,16,14,0,1,0,0,1,0,16,1,0.059,0.824,0.118,0.12,0.88,0,16,1
474,3,4,14,20,315,16,14,0,1,0,0,0,0,16,1,0.059,0.824,0.118,0.12,0.88,0,16,1
475,9,4,19,13,970,20,19,1,0,0,0,0,0,20,1,0.643,0.25,0.107,0.125,0.875,0,20,1
476,9,4,19,13,685,20,19,1,0,0,0,0,0,20,1,0.643,0.25,0.107,0.125,0.875,0,20,1
477,9,4,19,13,1230,20,19,0,0,1,0,0,0,20,1,0.643,0.25,0.107,0.125,0.875,0,20,1
478,3,4,14,20,1447,16,14,0,1,0,0,1,0,16,1,0.059,0.824,0.118,0.12,0.88,0,16,1
479,3,4,14,20,675,16,14,0,1,0,1,0,0,16,1,0.059,0.824,0.118,0.12,0.88,0,16,1
480,9,4,19,13,1518,20,19,0,1,0,0,0,0,20,1,0.643,0.25,0.107,0.125,0.875,0,20,1
481,9,4,19,13,1625,20,19,0,1,0,0,1,0,20,1,0.643,0.25,0.107,0.125,0.875,0,20,1
482,9,4,19,13,1048,20,19,0,1,0,1,0,0,20,1,0.643,0.25,0.107,0.125,0.875,0,20,1
483,3,4,14,20,491,16,14,0,1,0,0,0,0,16,1,0.059,0.824,0.118,0.12,0.88,0,16,1
484,3,4,14,20,1685,16,14,0,1,0,0,1,0,16,1,0.059,0.824,0.118,0.12,0.88,0,16,1
485,9,4,19,13,889,20,19,0,1,0,1,0,0,20,1,0.643,0.25,0.107,0.125,0.875,0,20,1
486,3,4,14,20,1942,16,14,0,1,0,0,0,0,16,1,0.059,0.824,0.118,0.12,0.88,0,16,1
487,3,4,14,20,1007,16,14,0,1,0,1,0,0,16,1,0.059,0.824,0.118,0.12,0.88,0,16,1
488,3,4,14,20,597,16,14,0,1,0,0,1,0,16,1,0.059,0.824,0.118,0.12,0.88,0,16,1
489,9,4,19,13,2459,20,19,1,0,0,0,1,0,20,1,0.643,0.25,0.107,0.125,0.875,0,20,1
490,10,4,4,14,439,4,4,0,1,0,0,1,0,4,1,0.133,0.833,0.033,0.444,0.556,0,4,1
