"seccion","munn","edon","disloc2015","disloc2013","pobtot","esc1","esc3","SQ","dsi_pob"
1,1,23,11,7,9704,3,7,4,0.275406194189136
4,1,23,14,7,2764,8,7,7,0.771346196495897
5,1,23,14,7,5428,8,7,7,0.771346196495897
6,1,23,14,7,1299,8,7,7,0.771346196495897
7,1,23,8,7,1892,8,7,7,0.771346196495897
8,1,23,11,7,1170,8,7,7,0.771346196495897
9,1,23,11,7,875,8,7,7,0.771346196495897
10,1,23,11,7,918,8,7,7,0.771346196495897
13,1,23,13,3,3202,1,3,1,0.432302288692499
14,1,23,13,3,5245,4,3,5,0.707384911625917
15,1,23,13,5,3811,4,5,5,0.707384911625917
16,1,23,13,5,10929,4,5,5,0.707384911625917
18,1,23,9,5,1853,4,5,5,0.707384911625917
19,1,23,9,5,1921,4,5,5,0.707384911625917
20,1,23,12,5,1805,3,5,4,0.275406194189136
21,1,23,12,4,1031,3,4,4,0.275406194189136
22,1,23,12,4,1216,3,4,4,0.275406194189136
23,1,23,12,4,921,3,4,4,0.275406194189136
24,1,23,12,4,1409,3,4,4,0.275406194189136
25,1,23,12,4,870,3,4,4,0.275406194189136
26,1,23,11,4,873,3,4,4,0.275406194189136
27,1,23,11,4,1184,3,4,4,0.275406194189136
28,1,23,11,4,1502,3,4,4,0.275406194189136
29,1,23,11,7,1155,8,7,7,0.771346196495897
30,1,23,11,7,939,8,7,7,0.771346196495897
31,1,23,11,7,991,8,7,7,0.771346196495897
32,1,23,11,7,1290,8,7,7,0.771346196495897
33,1,23,11,7,742,8,7,7,0.771346196495897
34,1,23,11,7,1085,8,7,7,0.771346196495897
35,1,23,11,7,1189,8,7,7,0.771346196495897
36,1,23,8,7,1495,8,7,7,0.771346196495897
37,1,23,8,7,992,8,7,7,0.771346196495897
38,1,23,11,7,1138,8,7,7,0.771346196495897
39,1,23,11,7,636,8,7,7,0.771346196495897
40,1,23,11,7,1196,8,7,7,0.771346196495897
41,1,23,11,7,806,8,7,7,0.771346196495897
42,1,23,11,7,849,8,7,7,0.771346196495897
43,1,23,12,4,1040,3,4,4,0.275406194189136
44,1,23,12,4,1423,3,4,4,0.275406194189136
45,1,23,12,4,1400,3,4,4,0.275406194189136
46,1,23,9,5,1759,4,5,5,0.707384911625917
47,1,23,13,5,1740,4,5,5,0.707384911625917
48,1,23,13,3,1765,4,3,5,0.707384911625917
49,1,23,13,3,1642,1,3,1,0.432302288692499
50,1,23,13,3,2870,1,3,1,0.432302288692499
51,1,23,13,3,1549,4,3,5,0.707384911625917
52,1,23,13,5,1820,4,5,5,0.707384911625917
53,1,23,13,5,3415,4,5,5,0.707384911625917
54,1,23,15,5,3198,4,5,5,0.707384911625917
55,1,23,9,5,1523,4,5,5,0.707384911625917
56,1,23,9,5,1271,4,5,5,0.707384911625917
57,1,23,12,4,2007,3,4,4,0.275406194189136
58,1,23,12,4,827,3,4,4,0.275406194189136
59,1,23,12,4,1478,3,4,4,0.275406194189136
60,1,23,12,4,1973,3,4,4,0.275406194189136
61,1,23,11,4,1164,3,4,4,0.275406194189136
62,1,23,11,4,1112,3,4,4,0.275406194189136
63,1,23,11,4,986,3,4,4,0.275406194189136
64,1,23,11,4,1196,3,4,4,0.275406194189136
65,1,23,11,4,1326,8,4,7,0.771346196495897
66,1,23,11,4,1000,8,4,7,0.771346196495897
67,1,23,11,4,838,8,4,7,0.771346196495897
68,1,23,11,4,1030,8,4,7,0.771346196495897
69,1,23,11,4,749,8,4,7,0.771346196495897
70,1,23,13,3,1266,4,3,5,0.707384911625917
71,1,23,13,5,1774,4,5,5,0.707384911625917
72,1,23,13,5,2777,4,5,5,0.707384911625917
73,1,23,15,5,2671,4,5,5,0.707384911625917
74,1,23,9,5,1765,4,5,5,0.707384911625917
75,1,23,9,5,1212,4,5,5,0.707384911625917
76,1,23,9,4,2212,5,4,4,0.332642463444632
77,1,23,9,4,1184,5,4,4,0.332642463444632
78,1,23,9,4,1369,5,4,4,0.332642463444632
79,1,23,11,4,1207,5,4,4,0.332642463444632
80,1,23,11,4,840,5,4,4,0.332642463444632
81,1,23,11,4,1168,5,4,4,0.332642463444632
82,1,23,11,4,815,5,4,4,0.332642463444632
83,1,23,11,4,1399,5,4,4,0.332642463444632
84,1,23,11,4,1357,8,4,7,0.771346196495897
85,1,23,11,6,908,8,6,7,0.771346196495897
86,1,23,11,6,1275,8,6,7,0.771346196495897
87,1,23,11,6,905,8,6,7,0.771346196495897
88,1,23,11,6,811,8,6,7,0.771346196495897
89,1,23,8,6,553,7,6,6,0.822379764295422
90,1,23,8,6,1316,7,6,6,0.822379764295422
91,1,23,8,6,1632,7,6,6,0.822379764295422
92,1,23,8,6,965,7,6,6,0.822379764295422
93,1,23,8,6,1761,7,6,6,0.822379764295422
94,1,23,8,6,1298,7,6,6,0.822379764295422
95,1,23,11,6,544,7,6,6,0.822379764295422
96,1,23,11,6,871,8,6,7,0.771346196495897
97,1,23,11,6,667,8,6,7,0.771346196495897
98,1,23,11,4,996,5,4,4,0.332642463444632
99,1,23,11,4,710,5,4,4,0.332642463444632
100,1,23,9,4,927,5,4,4,0.332642463444632
101,1,23,9,5,828,4,5,5,0.707384911625917
102,1,23,10,5,2266,6,5,8,0.345851474638071
103,1,23,9,5,610,6,5,8,0.345851474638071
104,1,23,9,5,1328,6,5,8,0.345851474638071
105,1,23,9,4,1293,5,4,4,0.332642463444632
106,1,23,9,4,932,5,4,4,0.332642463444632
107,1,23,9,4,1357,5,4,4,0.332642463444632
108,1,23,9,4,1153,5,4,4,0.332642463444632
109,1,23,9,4,1292,5,4,4,0.332642463444632
110,1,23,9,4,955,5,4,4,0.332642463444632
111,1,23,11,4,519,5,4,4,0.332642463444632
112,1,23,11,4,672,5,4,4,0.332642463444632
113,1,23,11,4,803,5,4,4,0.332642463444632
114,1,23,11,6,522,7,6,6,0.822379764295422
115,1,23,11,6,906,7,6,6,0.822379764295422
116,1,23,11,6,999,7,6,6,0.822379764295422
117,1,23,8,6,1146,7,6,6,0.822379764295422
118,1,23,11,4,727,5,4,4,0.332642463444632
119,1,23,8,6,453,7,6,6,0.822379764295422
120,1,23,8,4,773,5,4,4,0.332642463444632
121,1,23,8,4,819,5,4,4,0.332642463444632
122,1,23,9,4,616,5,4,4,0.332642463444632
123,1,23,9,4,606,5,4,4,0.332642463444632
124,1,23,9,4,775,5,4,4,0.332642463444632
125,1,23,9,4,913,5,4,4,0.332642463444632
126,1,23,9,4,6487,5,4,4,0.332642463444632
127,1,23,10,5,2455,6,5,8,0.345851474638071
128,1,23,9,4,1754,5,4,4,0.332642463444632
129,1,23,9,4,474,5,4,4,0.332642463444632
130,1,23,9,4,609,5,4,4,0.332642463444632
131,1,23,9,4,770,5,4,4,0.332642463444632
132,1,23,9,4,717,5,4,4,0.332642463444632
133,1,23,9,4,932,5,4,4,0.332642463444632
134,1,23,9,4,716,5,4,4,0.332642463444632
135,1,23,9,4,567,5,4,4,0.332642463444632
136,1,23,8,6,392,5,6,4,0.332642463444632
137,1,23,8,6,511,5,6,4,0.332642463444632
138,1,23,9,4,501,5,4,4,0.332642463444632
139,1,23,9,4,683,5,4,4,0.332642463444632
140,1,23,9,4,619,5,4,4,0.332642463444632
141,1,23,9,4,591,5,4,4,0.332642463444632
142,1,23,9,4,708,5,4,4,0.332642463444632
143,1,23,9,4,655,5,4,4,0.332642463444632
144,1,23,9,8,804,5,8,4,0.332642463444632
145,1,23,9,8,554,5,8,4,0.332642463444632
146,1,23,9,8,6772,5,8,4,0.332642463444632
147,1,23,9,8,8134,5,8,4,0.332642463444632
148,1,23,10,8,1232,6,8,8,0.345851474638071
149,1,23,10,8,2489,6,8,8,0.345851474638071
151,1,23,10,1,5649,6,1,8,0.345851474638071
152,1,23,10,1,1943,6,1,8,0.345851474638071
153,1,23,10,1,1671,6,1,8,0.345851474638071
155,1,23,10,1,1457,6,1,8,0.345851474638071
156,1,23,10,8,1936,6,8,8,0.345851474638071
157,1,23,10,8,1464,6,8,8,0.345851474638071
158,1,23,10,8,1439,6,8,8,0.345851474638071
159,1,23,10,8,1639,6,8,8,0.345851474638071
161,1,23,9,8,3119,5,8,4,0.332642463444632
162,1,23,9,8,510,5,8,4,0.332642463444632
163,1,23,10,8,2425,6,8,8,0.345851474638071
164,1,23,10,1,5908,6,1,8,0.345851474638071
165,1,23,10,1,1270,6,1,8,0.345851474638071
166,1,23,10,1,4059,6,1,8,0.345851474638071
167,1,23,10,8,1663,6,8,8,0.345851474638071
168,1,23,10,1,10260,6,1,8,0.345851474638071
169,1,23,8,6,1499,7,6,6,0.822379764295422
170,1,23,8,6,2704,7,6,6,0.822379764295422
171,1,23,15,6,185,7,6,6,0.822379764295422
172,1,23,8,8,1899,6,8,8,0.345851474638071
173,1,23,8,8,4000,6,8,8,0.345851474638071
174,1,23,8,8,3735,6,8,8,0.345851474638071
175,1,23,8,8,11238,6,8,8,0.345851474638071
177,1,23,15,6,4112,7,6,6,0.822379764295422
178,1,23,15,6,2627,7,6,6,0.822379764295422
179,1,23,8,6,8506,7,6,6,0.822379764295422
180,1,23,8,8,917,6,8,8,0.345851474638071
181,1,23,15,5,6680,4,5,5,0.707384911625917
182,2,23,6,11,2264,12,11,11,1
183,2,23,6,11,2911,12,11,11,1
184,2,23,6,11,2423,12,11,11,1
185,2,23,6,11,3226,12,11,11,1
186,2,23,6,11,1165,12,11,11,1
187,2,23,6,11,2429,12,11,11,1
188,2,23,6,11,2722,12,11,11,1
189,2,23,6,11,2601,12,11,11,1
190,2,23,6,11,1927,12,11,11,1
191,2,23,6,11,1106,12,11,11,1
192,2,23,6,11,1448,12,11,11,1
193,2,23,6,11,1720,12,11,11,1
194,2,23,6,11,2552,12,11,11,1
195,2,23,6,11,11741,12,11,11,1
196,2,23,6,11,7082,12,11,11,1
197,2,23,6,11,2384,12,11,11,1
198,2,23,6,11,2492,12,11,11,1
199,2,23,6,11,3245,12,11,11,1
200,2,23,6,11,4217,12,11,11,1
201,2,23,6,11,2503,12,11,11,1
202,2,23,6,11,2662,12,11,11,1
203,2,23,6,11,14720,12,11,11,1
206,8,23,5,9,8776,9,9,9,0.940637105078208
208,9,23,5,9,3046,9,9,9,0.940637105078208
210,9,23,5,9,3719,9,9,9,0.940637105078208
211,9,23,5,9,3923,9,9,9,0.940637105078208
213,9,23,5,9,111,10,9,12,0.828226846917597
214,9,23,5,9,491,10,9,12,0.828226846917597
215,3,23,4,12,3061,10,12,12,0.828226846917597
216,3,23,4,12,1666,10,12,12,0.828226846917597
217,3,23,4,12,2717,10,12,12,0.828226846917597
218,3,23,4,12,1580,10,12,12,0.828226846917597
219,3,23,4,12,1963,10,12,12,0.828226846917597
220,3,23,4,12,1392,10,12,12,0.828226846917597
221,3,23,4,12,1058,10,12,12,0.828226846917597
222,3,23,4,12,2148,10,12,12,0.828226846917597
223,3,23,4,12,3342,10,12,12,0.828226846917597
224,3,23,4,12,1981,10,12,12,0.828226846917597
225,3,23,4,12,2158,10,12,12,0.828226846917597
226,3,23,4,12,2870,10,12,12,0.828226846917597
227,3,23,4,12,2587,10,12,12,0.828226846917597
228,3,23,4,12,2448,10,12,12,0.828226846917597
229,3,23,4,12,2852,10,12,12,0.828226846917597
230,3,23,4,12,1901,10,12,12,0.828226846917597
231,3,23,4,12,2152,10,12,12,0.828226846917597
232,3,23,4,12,2309,10,12,12,0.828226846917597
233,3,23,4,12,1490,10,12,12,0.828226846917597
234,3,23,4,12,3364,10,12,12,0.828226846917597
235,3,23,4,12,2096,10,12,12,0.828226846917597
236,3,23,4,12,197,10,12,12,0.828226846917597
237,3,23,4,12,1499,10,12,12,0.828226846917597
238,3,23,4,12,2118,10,12,12,0.828226846917597
239,3,23,4,12,2363,10,12,12,0.828226846917597
240,3,23,4,12,1223,10,12,12,0.828226846917597
241,3,23,4,12,2378,10,12,12,0.828226846917597
242,3,23,4,12,2295,10,12,12,0.828226846917597
243,3,23,4,12,581,10,12,12,0.828226846917597
244,3,23,4,12,1966,10,12,12,0.828226846917597
245,3,23,4,12,968,10,12,12,0.828226846917597
247,3,23,4,12,2975,10,12,12,0.828226846917597
248,3,23,4,12,771,10,12,12,0.828226846917597
249,3,23,4,12,3057,10,12,12,0.828226846917597
250,3,23,4,12,1594,10,12,12,0.828226846917597
251,3,23,4,12,2704,10,12,12,0.828226846917597
252,4,23,14,6,869,7,6,6,0.822379764295422
253,4,23,14,6,413,7,6,6,0.822379764295422
254,4,23,14,6,401,7,6,6,0.822379764295422
255,4,23,14,6,2996,7,6,6,0.822379764295422
256,4,23,14,6,1536,7,6,6,0.822379764295422
257,4,23,14,6,1599,7,6,6,0.822379764295422
258,4,23,14,6,3269,7,6,6,0.822379764295422
259,4,23,14,6,1559,7,6,6,0.822379764295422
260,4,23,14,6,2400,7,6,6,0.822379764295422
261,4,23,14,6,6516,7,6,6,0.822379764295422
262,5,23,4,15,3243,15,15,15,0.497262157769721
263,5,23,4,12,2769,15,12,15,0.497262157769721
264,5,23,4,15,2500,15,15,15,0.497262157769721
265,5,23,4,12,3401,15,12,15,0.497262157769721
266,5,23,4,12,1119,15,12,15,0.497262157769721
267,5,23,4,12,1087,15,12,15,0.497262157769721
268,5,23,4,12,3566,15,12,15,0.497262157769721
269,5,23,4,12,1188,15,12,15,0.497262157769721
270,5,23,4,15,1843,15,15,15,0.497262157769721
271,5,23,4,15,1268,15,15,15,0.497262157769721
272,5,23,4,12,906,15,12,15,0.497262157769721
273,5,23,4,15,2174,15,15,15,0.497262157769721
274,5,23,4,15,1840,15,15,15,0.497262157769721
275,5,23,4,15,1700,15,15,15,0.497262157769721
276,5,23,4,15,1670,15,15,15,0.497262157769721
277,5,23,4,12,673,15,12,15,0.497262157769721
278,5,23,4,15,1147,15,15,15,0.497262157769721
279,5,23,4,15,801,15,15,15,0.497262157769721
280,5,23,4,15,812,15,15,15,0.497262157769721
281,5,23,4,15,478,15,15,15,0.497262157769721
282,5,23,4,15,1045,15,15,15,0.497262157769721
283,5,23,4,15,912,15,15,15,0.497262157769721
284,6,23,15,6,1933,7,6,6,0.822379764295422
285,6,23,15,6,1749,7,6,6,0.822379764295422
286,6,23,15,6,3503,7,6,6,0.822379764295422
287,6,23,15,6,1486,7,6,6,0.822379764295422
288,6,23,15,6,2332,7,6,6,0.822379764295422
289,6,23,15,6,1041,7,6,6,0.822379764295422
290,6,23,15,6,2361,7,6,6,0.822379764295422
291,6,23,15,6,1346,7,6,6,0.822379764295422
292,6,23,15,6,1969,7,6,6,0.822379764295422
293,6,23,15,6,2241,7,6,6,0.822379764295422
294,6,23,15,6,1365,7,6,6,0.822379764295422
295,6,23,15,6,1370,7,6,6,0.822379764295422
296,6,23,15,6,1670,7,6,6,0.822379764295422
297,6,23,15,6,1029,7,6,6,0.822379764295422
298,7,23,2,13,1512,14,13,13,0.44516576678603
299,7,23,2,13,1662,13,13,14,0.511917925524397
300,7,23,1,14,3352,13,14,14,0.511917925524397
301,7,23,1,14,360,13,14,14,0.511917925524397
302,7,23,1,14,2557,13,14,14,0.511917925524397
303,7,23,2,13,1384,13,13,14,0.511917925524397
304,7,23,2,13,1474,14,13,13,0.44516576678603
305,7,23,2,13,1482,14,13,13,0.44516576678603
306,7,23,2,13,1334,13,13,14,0.511917925524397
307,7,23,2,13,7262,13,13,14,0.511917925524397
308,7,23,1,14,1539,13,14,14,0.511917925524397
309,7,23,1,14,1928,13,14,14,0.511917925524397
310,7,23,1,14,1610,13,14,14,0.511917925524397
311,7,23,1,14,1498,13,14,14,0.511917925524397
312,7,23,1,14,1326,13,14,14,0.511917925524397
313,7,23,1,14,826,13,14,14,0.511917925524397
314,7,23,1,14,508,13,14,14,0.511917925524397
315,7,23,2,13,1317,13,13,14,0.511917925524397
317,7,23,2,13,2125,13,13,14,0.511917925524397
318,7,23,2,13,1382,13,13,14,0.511917925524397
319,7,23,2,13,1637,13,13,14,0.511917925524397
320,7,23,2,13,1443,14,13,13,0.44516576678603
321,7,23,2,13,996,14,13,13,0.44516576678603
322,7,23,2,13,1847,14,13,13,0.44516576678603
323,7,23,2,13,1064,13,13,14,0.511917925524397
324,7,23,1,14,365,15,14,15,0.497262157769721
325,7,23,1,14,1084,13,14,14,0.511917925524397
326,7,23,1,14,1289,13,14,14,0.511917925524397
327,7,23,1,14,725,13,14,14,0.511917925524397
328,7,23,1,14,1038,13,14,14,0.511917925524397
329,7,23,2,13,927,13,13,14,0.511917925524397
330,7,23,2,13,1373,13,13,14,0.511917925524397
331,7,23,2,13,911,13,13,14,0.511917925524397
332,7,23,2,13,1327,13,13,14,0.511917925524397
333,7,23,2,13,1432,14,13,13,0.44516576678603
334,7,23,2,13,3474,14,13,13,0.44516576678603
335,7,23,2,13,1571,14,13,13,0.44516576678603
336,7,23,2,13,920,14,13,13,0.44516576678603
337,7,23,2,13,2820,14,13,13,0.44516576678603
338,7,23,2,13,1349,14,13,13,0.44516576678603
339,7,23,2,13,1211,14,13,13,0.44516576678603
340,7,23,2,13,501,14,13,13,0.44516576678603
341,7,23,2,13,877,14,13,13,0.44516576678603
342,7,23,2,13,1700,14,13,13,0.44516576678603
343,7,23,2,13,1415,13,13,14,0.511917925524397
344,7,23,2,13,1482,13,13,14,0.511917925524397
345,7,23,1,14,581,15,14,15,0.497262157769721
346,7,23,1,14,973,15,14,15,0.497262157769721
347,7,23,1,14,1140,13,14,14,0.511917925524397
348,7,23,1,14,772,13,14,14,0.511917925524397
349,7,23,1,14,856,15,14,15,0.497262157769721
350,7,23,1,14,950,15,14,15,0.497262157769721
351,7,23,1,14,813,15,14,15,0.497262157769721
352,7,23,1,14,1516,14,14,13,0.44516576678603
353,7,23,1,14,975,15,14,15,0.497262157769721
354,7,23,1,14,894,15,14,15,0.497262157769721
355,7,23,2,14,653,14,14,13,0.44516576678603
356,7,23,2,14,832,14,14,13,0.44516576678603
357,7,23,2,13,1287,14,13,13,0.44516576678603
358,7,23,2,13,1244,14,13,13,0.44516576678603
359,7,23,2,13,1375,14,13,13,0.44516576678603
360,7,23,2,13,833,14,13,13,0.44516576678603
361,7,23,2,13,1462,14,13,13,0.44516576678603
362,7,23,2,13,1222,14,13,13,0.44516576678603
363,7,23,2,13,1548,14,13,13,0.44516576678603
364,7,23,2,13,916,14,13,13,0.44516576678603
365,7,23,2,13,1344,14,13,13,0.44516576678603
366,7,23,2,14,733,14,14,13,0.44516576678603
367,7,23,1,14,794,14,14,13,0.44516576678603
368,7,23,1,14,1100,14,14,13,0.44516576678603
369,7,23,1,14,630,14,14,13,0.44516576678603
370,7,23,1,14,924,14,14,13,0.44516576678603
371,7,23,1,14,1574,14,14,13,0.44516576678603
372,7,23,1,14,442,14,14,13,0.44516576678603
374,7,23,1,14,688,15,14,15,0.497262157769721
375,7,23,2,14,1208,15,14,15,0.497262157769721
377,7,23,2,13,1639,14,13,13,0.44516576678603
378,7,23,2,13,2872,14,13,13,0.44516576678603
379,7,23,2,14,784,15,14,15,0.497262157769721
380,7,23,1,14,827,15,14,15,0.497262157769721
381,7,23,1,14,445,15,14,15,0.497262157769721
382,7,23,1,14,917,15,14,15,0.497262157769721
383,7,23,1,14,616,15,14,15,0.497262157769721
384,10,23,3,15,1108,15,15,15,0.497262157769721
385,10,23,3,15,1417,15,15,15,0.497262157769721
386,10,23,3,15,545,15,15,15,0.497262157769721
387,10,23,3,15,900,15,15,15,0.497262157769721
388,10,23,3,15,865,15,15,15,0.497262157769721
389,10,23,3,15,1170,15,15,15,0.497262157769721
390,10,23,3,15,716,15,15,15,0.497262157769721
391,10,23,3,15,764,15,15,15,0.497262157769721
392,10,23,1,15,2557,15,15,15,0.497262157769721
393,7,23,1,14,456,15,14,15,0.497262157769721
394,10,23,3,15,1082,15,15,15,0.497262157769721
395,10,23,3,15,539,15,15,15,0.497262157769721
396,10,23,3,15,4937,15,15,15,0.497262157769721
397,10,23,3,15,869,15,15,15,0.497262157769721
398,10,23,3,15,678,15,15,15,0.497262157769721
399,10,23,3,15,181,15,15,15,0.497262157769721
400,10,23,3,15,688,15,15,15,0.497262157769721
401,10,23,3,15,435,15,15,15,0.497262157769721
402,10,23,3,15,1063,15,15,15,0.497262157769721
403,10,23,3,15,1931,15,15,15,0.497262157769721
404,10,23,3,15,1244,15,15,15,0.497262157769721
405,10,23,3,15,4043,15,15,15,0.497262157769721
406,10,23,3,15,1122,15,15,15,0.497262157769721
407,10,23,3,15,1922,15,15,15,0.497262157769721
408,10,23,3,15,2989,15,15,15,0.497262157769721
409,10,23,3,15,1042,15,15,15,0.497262157769721
410,7,23,1,14,1233,15,14,15,0.497262157769721
411,7,23,1,14,926,15,14,15,0.497262157769721
412,7,23,1,14,1003,15,14,15,0.497262157769721
413,7,23,2,13,2234,14,13,13,0.44516576678603
414,7,23,3,15,1337,14,15,13,0.44516576678603
415,7,23,3,15,2354,15,15,15,0.497262157769721
416,7,23,3,15,1070,15,15,15,0.497262157769721
417,7,23,3,15,1450,14,15,13,0.44516576678603
418,7,23,3,15,1901,14,15,13,0.44516576678603
419,7,23,3,15,2392,14,15,13,0.44516576678603
420,7,23,3,15,2378,14,15,13,0.44516576678603
421,7,23,3,13,1147,14,13,13,0.44516576678603
422,7,23,2,13,1722,14,13,13,0.44516576678603
423,7,23,2,13,2771,14,13,13,0.44516576678603
424,7,23,2,13,1761,14,13,13,0.44516576678603
425,7,23,2,13,2026,14,13,13,0.44516576678603
426,7,23,1,14,1865,15,14,15,0.497262157769721
427,7,23,1,14,1841,13,14,14,0.511917925524397
428,7,23,1,14,2978,13,14,14,0.511917925524397
429,7,23,3,13,2688,14,13,13,0.44516576678603
430,7,23,3,15,873,14,15,13,0.44516576678603
431,7,23,3,15,1348,14,15,13,0.44516576678603
432,7,23,3,15,1152,14,15,13,0.44516576678603
433,7,23,3,15,1825,14,15,13,0.44516576678603
434,7,23,3,15,170,14,15,13,0.44516576678603
435,7,23,3,15,853,14,15,13,0.44516576678603
436,7,23,3,15,1747,14,15,13,0.44516576678603
437,7,23,3,15,1073,14,15,13,0.44516576678603
438,7,23,3,15,1869,14,15,13,0.44516576678603
439,7,23,3,15,2070,14,15,13,0.44516576678603
440,7,23,3,15,1032,14,15,13,0.44516576678603
441,7,23,3,15,1687,14,15,13,0.44516576678603
442,7,23,3,15,223,14,15,13,0.44516576678603
443,7,23,3,15,790,14,15,13,0.44516576678603
444,7,23,3,15,188,14,15,13,0.44516576678603
445,7,23,3,15,338,14,15,13,0.44516576678603
446,7,23,3,15,1206,14,15,13,0.44516576678603
447,7,23,3,15,335,14,15,13,0.44516576678603
448,7,23,3,13,1118,14,13,13,0.44516576678603
450,7,23,3,15,0,14,15,13,0.44516576678603
451,1,23,14,7,2445,8,7,7,0.771346196495897
452,1,23,14,7,1942,8,7,7,0.771346196495897
453,1,23,14,7,1148,8,7,7,0.771346196495897
454,1,23,14,7,1335,8,7,7,0.771346196495897
455,1,23,14,7,1078,8,7,7,0.771346196495897
456,1,23,11,7,1174,8,7,7,0.771346196495897
457,1,23,11,7,1688,8,7,7,0.771346196495897
458,1,23,11,7,1241,3,7,4,0.275406194189136
459,1,23,11,7,978,8,7,7,0.771346196495897
460,1,23,11,7,1246,8,7,7,0.771346196495897
461,1,23,11,7,600,8,7,7,0.771346196495897
462,1,23,11,7,730,8,7,7,0.771346196495897
463,1,23,11,7,895,8,7,7,0.771346196495897
464,1,23,11,7,649,8,7,7,0.771346196495897
465,1,23,11,7,829,8,7,7,0.771346196495897
466,1,23,11,7,802,8,7,7,0.771346196495897
467,1,23,11,7,670,8,7,7,0.771346196495897
468,1,23,11,7,644,8,7,7,0.771346196495897
469,1,23,11,7,648,8,7,7,0.771346196495897
470,1,23,11,7,851,8,7,7,0.771346196495897
471,1,23,11,7,899,8,7,7,0.771346196495897
472,1,23,14,7,2848,8,7,7,0.771346196495897
473,1,23,14,7,1968,8,7,7,0.771346196495897
474,1,23,14,7,2146,8,7,7,0.771346196495897
475,1,23,14,7,1399,8,7,7,0.771346196495897
476,1,23,14,7,1323,8,7,7,0.771346196495897
477,1,23,14,7,1534,8,7,7,0.771346196495897
478,1,23,14,7,1412,8,7,7,0.771346196495897
479,1,23,14,7,1300,8,7,7,0.771346196495897
480,1,23,14,7,1339,8,7,7,0.771346196495897
481,1,23,11,7,1775,8,7,7,0.771346196495897
482,1,23,11,7,936,8,7,7,0.771346196495897
483,1,23,11,7,1135,8,7,7,0.771346196495897
484,1,23,11,7,1394,8,7,7,0.771346196495897
485,1,23,11,7,1178,8,7,7,0.771346196495897
486,1,23,11,7,1091,8,7,7,0.771346196495897
487,1,23,11,7,998,8,7,7,0.771346196495897
488,1,23,11,7,957,8,7,7,0.771346196495897
489,1,23,11,7,792,8,7,7,0.771346196495897
490,1,23,11,7,891,8,7,7,0.771346196495897
491,1,23,14,2,11481,2,2,2,0.347703035274815
492,1,23,14,2,2759,2,2,2,0.347703035274815
493,1,23,14,2,1034,2,2,2,0.347703035274815
494,1,23,14,2,910,2,2,2,0.347703035274815
495,1,23,14,2,658,2,2,2,0.347703035274815
496,1,23,14,2,697,2,2,2,0.347703035274815
497,1,23,14,2,2283,7,2,6,0.822379764295422
498,1,23,14,2,3864,7,2,6,0.822379764295422
499,1,23,14,2,858,2,2,2,0.347703035274815
500,1,23,12,2,1589,2,2,2,0.347703035274815
501,1,23,12,2,759,2,2,2,0.347703035274815
502,1,23,14,2,1510,2,2,2,0.347703035274815
503,1,23,14,2,1205,2,2,2,0.347703035274815
504,1,23,12,2,1217,2,2,2,0.347703035274815
505,1,23,12,2,950,2,2,2,0.347703035274815
506,1,23,12,2,896,2,2,2,0.347703035274815
507,1,23,12,2,752,2,2,2,0.347703035274815
508,1,23,12,2,945,2,2,2,0.347703035274815
509,1,23,12,2,441,2,2,2,0.347703035274815
510,1,23,14,2,3051,7,2,6,0.822379764295422
511,1,23,12,2,2969,2,2,2,0.347703035274815
512,1,23,12,2,1412,2,2,2,0.347703035274815
513,1,23,12,2,1128,2,2,2,0.347703035274815
514,1,23,12,2,913,2,2,2,0.347703035274815
515,1,23,12,2,763,2,2,2,0.347703035274815
516,1,23,12,2,1567,2,2,2,0.347703035274815
517,1,23,12,2,673,2,2,2,0.347703035274815
518,1,23,15,2,1525,2,2,2,0.347703035274815
519,1,23,12,2,1183,2,2,2,0.347703035274815
520,1,23,12,2,1591,2,2,2,0.347703035274815
521,1,23,12,2,1557,3,2,4,0.275406194189136
522,1,23,12,2,2239,3,2,4,0.275406194189136
523,1,23,12,2,907,3,2,4,0.275406194189136
524,1,23,12,2,818,3,2,4,0.275406194189136
525,1,23,12,2,1633,3,2,4,0.275406194189136
526,1,23,14,2,1038,3,2,4,0.275406194189136
527,1,23,14,2,1140,3,2,4,0.275406194189136
528,1,23,14,2,1265,3,2,4,0.275406194189136
529,1,23,14,2,695,3,2,4,0.275406194189136
530,1,23,14,2,1221,3,2,4,0.275406194189136
531,1,23,12,2,1428,3,2,4,0.275406194189136
532,1,23,12,2,976,3,2,4,0.275406194189136
533,1,23,12,2,1854,3,2,4,0.275406194189136
534,1,23,12,2,1051,3,2,4,0.275406194189136
535,1,23,12,2,1264,3,2,4,0.275406194189136
536,1,23,12,2,2104,3,2,4,0.275406194189136
537,1,23,12,2,736,4,2,5,0.707384911625917
538,1,23,12,2,1172,4,2,5,0.707384911625917
539,1,23,12,2,756,4,2,5,0.707384911625917
540,1,23,12,5,654,4,5,5,0.707384911625917
541,1,23,12,5,888,4,5,5,0.707384911625917
542,1,23,12,5,927,4,5,5,0.707384911625917
543,1,23,12,2,947,3,2,4,0.275406194189136
544,1,23,12,2,1092,3,2,4,0.275406194189136
545,1,23,12,2,936,3,2,4,0.275406194189136
546,1,23,12,2,1108,3,2,4,0.275406194189136
547,1,23,12,2,1251,3,2,4,0.275406194189136
548,1,23,11,2,1584,3,2,4,0.275406194189136
549,1,23,12,2,1006,3,2,4,0.275406194189136
550,1,23,12,2,911,3,2,4,0.275406194189136
551,1,23,12,2,1244,3,2,4,0.275406194189136
552,1,23,12,2,955,3,2,4,0.275406194189136
553,1,23,12,2,1053,3,2,4,0.275406194189136
554,1,23,12,5,889,4,5,5,0.707384911625917
555,1,23,12,5,618,4,5,5,0.707384911625917
556,1,23,12,5,1239,4,5,5,0.707384911625917
557,1,23,12,5,772,3,5,4,0.275406194189136
558,1,23,12,5,1175,3,5,4,0.275406194189136
559,1,23,12,4,1365,3,4,4,0.275406194189136
560,1,23,12,4,848,3,4,4,0.275406194189136
561,1,23,12,4,1021,3,4,4,0.275406194189136
562,1,23,12,4,976,3,4,4,0.275406194189136
563,1,23,12,4,1132,3,4,4,0.275406194189136
564,1,23,11,4,1212,3,4,4,0.275406194189136
565,1,23,11,4,1102,3,4,4,0.275406194189136
566,1,23,11,4,887,3,4,4,0.275406194189136
567,1,23,12,4,901,3,4,4,0.275406194189136
568,1,23,12,4,1223,3,4,4,0.275406194189136
569,1,23,12,4,1050,3,4,4,0.275406194189136
570,1,23,12,4,1108,3,4,4,0.275406194189136
571,1,23,12,4,1498,3,4,4,0.275406194189136
572,1,23,12,5,726,3,5,4,0.275406194189136
573,1,23,12,5,992,3,5,4,0.275406194189136
574,1,23,12,5,625,4,5,5,0.707384911625917
575,1,23,12,5,1059,4,5,5,0.707384911625917
576,1,23,9,5,861,4,5,5,0.707384911625917
577,1,23,9,5,806,4,5,5,0.707384911625917
578,1,23,15,3,13136,2,3,2,0.347703035274815
579,1,23,13,3,1690,1,3,1,0.432302288692499
580,1,23,13,3,589,1,3,1,0.432302288692499
581,1,23,13,3,388,1,3,1,0.432302288692499
582,1,23,13,3,377,1,3,1,0.432302288692499
583,1,23,13,3,386,1,3,1,0.432302288692499
584,1,23,13,3,176,1,3,1,0.432302288692499
585,1,23,15,1,2139,1,1,1,0.432302288692499
586,1,23,15,1,291,1,1,1,0.432302288692499
587,1,23,15,1,295,1,1,1,0.432302288692499
588,1,23,15,1,295,1,1,1,0.432302288692499
589,1,23,15,1,462,1,1,1,0.432302288692499
590,1,23,15,1,404,1,1,1,0.432302288692499
591,1,23,8,1,6765,1,1,1,0.432302288692499
592,1,23,8,1,2446,1,1,1,0.432302288692499
593,1,23,8,1,521,1,1,1,0.432302288692499
594,1,23,8,1,527,1,1,1,0.432302288692499
595,1,23,13,3,1034,1,3,1,0.432302288692499
596,1,23,13,3,847,1,3,1,0.432302288692499
597,1,23,10,1,441,1,1,1,0.432302288692499
598,1,23,10,1,1159,1,1,1,0.432302288692499
599,1,23,10,3,777,1,3,1,0.432302288692499
600,1,23,10,1,438,1,1,1,0.432302288692499
601,1,23,10,3,755,1,3,1,0.432302288692499
602,1,23,10,3,313,1,3,1,0.432302288692499
603,1,23,10,1,1605,1,1,1,0.432302288692499
604,1,23,10,1,986,6,1,8,0.345851474638071
605,1,23,10,1,713,6,1,8,0.345851474638071
606,1,23,10,1,925,6,1,8,0.345851474638071
607,1,23,10,1,910,1,1,1,0.432302288692499
608,1,23,10,1,773,6,1,8,0.345851474638071
609,1,23,10,1,1026,1,1,1,0.432302288692499
610,1,23,10,1,692,1,1,1,0.432302288692499
611,1,23,10,1,956,1,1,1,0.432302288692499
612,1,23,10,1,1118,1,1,1,0.432302288692499
613,1,23,10,1,673,1,1,1,0.432302288692499
614,1,23,10,1,736,1,1,1,0.432302288692499
615,1,23,10,1,793,1,1,1,0.432302288692499
616,1,23,10,1,963,1,1,1,0.432302288692499
617,1,23,10,1,867,1,1,1,0.432302288692499
618,1,23,10,1,778,1,1,1,0.432302288692499
619,1,23,10,1,1768,1,1,1,0.432302288692499
620,1,23,8,1,1144,1,1,1,0.432302288692499
621,1,23,10,1,992,1,1,1,0.432302288692499
622,1,23,10,1,978,1,1,1,0.432302288692499
623,1,23,10,1,988,1,1,1,0.432302288692499
624,1,23,10,1,569,1,1,1,0.432302288692499
625,1,23,10,1,867,1,1,1,0.432302288692499
626,1,23,10,1,6187,1,1,1,0.432302288692499
627,1,23,10,1,1525,1,1,1,0.432302288692499
628,1,23,10,1,1957,1,1,1,0.432302288692499
629,1,23,10,1,570,1,1,1,0.432302288692499
630,1,23,10,1,749,1,1,1,0.432302288692499
631,1,23,8,1,2667,1,1,1,0.432302288692499
632,1,23,8,1,1106,1,1,1,0.432302288692499
633,1,23,8,1,2498,1,1,1,0.432302288692499
634,1,23,8,6,1975,1,6,1,0.432302288692499
635,1,23,8,6,1134,7,6,6,0.822379764295422
636,1,23,8,6,886,7,6,6,0.822379764295422
637,1,23,8,6,384,7,6,6,0.822379764295422
638,1,23,8,8,1432,6,8,8,0.345851474638071
639,1,23,8,8,1366,6,8,8,0.345851474638071
640,1,23,8,8,2020,6,8,8,0.345851474638071
641,1,23,8,1,1552,1,1,1,0.432302288692499
642,1,23,9,8,823,5,8,4,0.332642463444632
643,1,23,9,8,748,5,8,4,0.332642463444632
644,1,23,9,8,914,5,8,4,0.332642463444632
645,1,23,9,8,942,5,8,4,0.332642463444632
646,1,23,9,8,647,5,8,4,0.332642463444632
647,1,23,9,8,845,5,8,4,0.332642463444632
648,1,23,9,8,754,5,8,4,0.332642463444632
649,1,23,9,8,1355,5,8,4,0.332642463444632
650,1,23,9,8,892,5,8,4,0.332642463444632
651,1,23,9,8,585,5,8,4,0.332642463444632
652,1,23,8,8,1100,5,8,4,0.332642463444632
653,1,23,9,8,1535,5,8,4,0.332642463444632
654,1,23,10,8,709,5,8,4,0.332642463444632
655,1,23,8,8,1061,5,8,4,0.332642463444632
656,1,23,9,8,609,5,8,4,0.332642463444632
657,1,23,9,8,686,5,8,4,0.332642463444632
658,1,23,9,8,1360,5,8,4,0.332642463444632
659,1,23,9,8,762,5,8,4,0.332642463444632
660,1,23,9,8,1234,5,8,4,0.332642463444632
661,1,23,9,8,1029,5,8,4,0.332642463444632
662,1,23,9,8,1543,5,8,4,0.332642463444632
663,1,23,9,8,1329,5,8,4,0.332642463444632
664,1,23,8,8,2163,6,8,8,0.345851474638071
665,1,23,9,8,894,5,8,4,0.332642463444632
666,1,23,9,8,516,5,8,4,0.332642463444632
667,1,23,8,8,1903,6,8,8,0.345851474638071
668,8,23,5,10,1211,11,10,10,0.966596478849949
669,8,23,7,10,1538,11,10,10,0.966596478849949
670,8,23,7,10,1000,11,10,10,0.966596478849949
671,8,23,7,10,884,11,10,10,0.966596478849949
672,8,23,7,10,1585,11,10,10,0.966596478849949
673,8,23,7,10,1226,11,10,10,0.966596478849949
674,8,23,7,10,1955,11,10,10,0.966596478849949
675,8,23,7,10,1965,11,10,10,0.966596478849949
676,8,23,7,10,1157,11,10,10,0.966596478849949
677,8,23,7,10,839,11,10,10,0.966596478849949
678,8,23,7,10,1297,11,10,10,0.966596478849949
679,8,23,7,10,1175,11,10,10,0.966596478849949
680,8,23,7,10,4433,11,10,10,0.966596478849949
681,8,23,7,10,2438,11,10,10,0.966596478849949
682,8,23,7,10,1942,11,10,10,0.966596478849949
683,8,23,7,10,1144,11,10,10,0.966596478849949
684,8,23,7,10,1458,11,10,10,0.966596478849949
685,8,23,7,10,1627,11,10,10,0.966596478849949
686,8,23,7,10,1154,11,10,10,0.966596478849949
687,8,23,7,10,1365,11,10,10,0.966596478849949
688,8,23,7,10,1167,11,10,10,0.966596478849949
689,8,23,7,10,1209,11,10,10,0.966596478849949
690,8,23,7,10,493,11,10,10,0.966596478849949
691,8,23,7,10,1225,11,10,10,0.966596478849949
692,8,23,7,10,1364,11,10,10,0.966596478849949
693,8,23,7,10,1367,11,10,10,0.966596478849949
694,8,23,7,10,3726,11,10,10,0.966596478849949
695,8,23,7,10,1644,11,10,10,0.966596478849949
696,8,23,7,10,1260,11,10,10,0.966596478849949
697,8,23,7,10,1245,11,10,10,0.966596478849949
698,8,23,7,10,1612,11,10,10,0.966596478849949
699,8,23,7,10,711,11,10,10,0.966596478849949
700,8,23,7,10,1185,11,10,10,0.966596478849949
701,8,23,7,10,1329,11,10,10,0.966596478849949
702,8,23,7,10,1050,11,10,10,0.966596478849949
703,8,23,7,10,1253,11,10,10,0.966596478849949
704,8,23,7,10,1286,11,10,10,0.966596478849949
705,8,23,7,10,1084,11,10,10,0.966596478849949
706,8,23,7,10,809,11,10,10,0.966596478849949
707,8,23,7,10,976,11,10,10,0.966596478849949
708,8,23,7,10,1163,11,10,10,0.966596478849949
709,8,23,7,10,2491,11,10,10,0.966596478849949
710,8,23,7,10,1355,11,10,10,0.966596478849949
711,8,23,7,10,1319,11,10,10,0.966596478849949
712,8,23,7,10,2202,11,10,10,0.966596478849949
713,8,23,7,10,1327,11,10,10,0.966596478849949
714,8,23,7,10,1628,11,10,10,0.966596478849949
715,8,23,7,10,1777,11,10,10,0.966596478849949
716,8,23,7,10,726,11,10,10,0.966596478849949
717,8,23,7,10,1309,11,10,10,0.966596478849949
718,8,23,7,10,1826,11,10,10,0.966596478849949
719,8,23,7,10,1032,11,10,10,0.966596478849949
720,8,23,7,10,1887,11,10,10,0.966596478849949
721,8,23,7,10,1190,11,10,10,0.966596478849949
722,8,23,7,10,1439,11,10,10,0.966596478849949
723,8,23,7,10,339,11,10,10,0.966596478849949
724,8,23,7,10,784,11,10,10,0.966596478849949
725,8,23,7,10,1826,11,10,10,0.966596478849949
726,8,23,5,10,533,11,10,10,0.966596478849949
727,8,23,5,10,1374,11,10,10,0.966596478849949
728,8,23,5,10,927,11,10,10,0.966596478849949
729,8,23,7,10,1837,11,10,10,0.966596478849949
730,8,23,7,10,758,9,10,9,0.940637105078208
731,8,23,7,10,789,9,10,9,0.940637105078208
732,8,23,7,10,474,9,10,9,0.940637105078208
733,8,23,7,9,1126,9,9,9,0.940637105078208
734,8,23,7,9,1243,9,9,9,0.940637105078208
735,8,23,7,9,119,9,9,9,0.940637105078208
736,8,23,7,9,984,9,9,9,0.940637105078208
737,8,23,7,10,1009,9,10,9,0.940637105078208
738,8,23,7,9,382,9,9,9,0.940637105078208
739,8,23,7,9,498,9,9,9,0.940637105078208
740,8,23,7,9,417,9,9,9,0.940637105078208
741,8,23,7,9,526,9,9,9,0.940637105078208
742,8,23,5,9,1837,9,9,9,0.940637105078208
743,8,23,5,9,635,9,9,9,0.940637105078208
744,8,23,5,9,432,9,9,9,0.940637105078208
745,8,23,5,9,136,9,9,9,0.940637105078208
746,8,23,5,9,758,9,9,9,0.940637105078208
747,8,23,5,9,306,9,9,9,0.940637105078208
748,8,23,5,9,1452,9,9,9,0.940637105078208
749,8,23,5,9,780,9,9,9,0.940637105078208
750,8,23,5,9,1201,9,9,9,0.940637105078208
751,8,23,5,9,451,9,9,9,0.940637105078208
752,8,23,5,9,1239,9,9,9,0.940637105078208
753,8,23,5,9,1049,9,9,9,0.940637105078208
754,8,23,5,9,612,9,9,9,0.940637105078208
755,8,23,5,9,984,9,9,9,0.940637105078208
756,8,23,5,9,249,9,9,9,0.940637105078208
757,8,23,5,9,505,9,9,9,0.940637105078208
758,8,23,5,9,1160,9,9,9,0.940637105078208
759,8,23,5,9,2147,9,9,9,0.940637105078208
760,8,23,5,9,447,9,9,9,0.940637105078208
761,8,23,5,9,415,9,9,9,0.940637105078208
762,8,23,5,9,556,9,9,9,0.940637105078208
763,8,23,5,9,2355,9,9,9,0.940637105078208
764,8,23,5,9,1057,9,9,9,0.940637105078208
765,8,23,5,9,1079,9,9,9,0.940637105078208
766,8,23,5,9,3421,9,9,9,0.940637105078208
767,8,23,5,9,1393,9,9,9,0.940637105078208
768,8,23,5,9,997,9,9,9,0.940637105078208
769,8,23,5,9,1106,9,9,9,0.940637105078208
770,8,23,5,9,848,9,9,9,0.940637105078208
771,8,23,5,9,918,9,9,9,0.940637105078208
772,8,23,5,9,619,9,9,9,0.940637105078208
773,8,23,5,9,181,9,9,9,0.940637105078208
774,8,23,5,9,1467,9,9,9,0.940637105078208
775,7,23,1,14,1798,13,14,14,0.511917925524397
776,7,23,1,14,798,13,14,14,0.511917925524397
777,7,23,1,14,1247,13,14,14,0.511917925524397
778,7,23,1,14,912,13,14,14,0.511917925524397
779,7,23,1,14,845,13,14,14,0.511917925524397
780,7,23,1,14,1004,13,14,14,0.511917925524397
781,7,23,1,14,1199,13,14,14,0.511917925524397
782,7,23,1,14,1097,13,14,14,0.511917925524397
783,7,23,1,14,652,13,14,14,0.511917925524397
784,7,23,1,14,1041,13,14,14,0.511917925524397
785,7,23,2,13,925,13,13,14,0.511917925524397
786,7,23,2,13,1097,13,13,14,0.511917925524397
787,7,23,1,14,1187,13,14,14,0.511917925524397
788,7,23,1,14,888,13,14,14,0.511917925524397
789,7,23,1,14,836,13,14,14,0.511917925524397
790,7,23,1,14,1391,13,14,14,0.511917925524397
791,7,23,1,14,978,13,14,14,0.511917925524397
792,7,23,1,14,1144,13,14,14,0.511917925524397
793,7,23,1,14,1926,13,14,14,0.511917925524397
794,7,23,1,14,2750,13,14,14,0.511917925524397
795,7,23,1,14,1162,13,14,14,0.511917925524397
796,7,23,1,14,919,13,14,14,0.511917925524397
797,7,23,1,14,1329,13,14,14,0.511917925524397
798,7,23,1,14,1095,13,14,14,0.511917925524397
799,7,23,1,14,1042,13,14,14,0.511917925524397
800,7,23,1,14,1150,13,14,14,0.511917925524397
801,7,23,1,14,1013,13,14,14,0.511917925524397
802,7,23,1,14,1452,13,14,14,0.511917925524397
803,7,23,1,14,525,13,14,14,0.511917925524397
804,7,23,2,14,1452,13,14,14,0.511917925524397
805,7,23,2,14,1412,13,14,14,0.511917925524397
806,7,23,2,14,959,13,14,14,0.511917925524397
807,7,23,2,13,1232,13,13,14,0.511917925524397
808,7,23,2,13,809,13,13,14,0.511917925524397
809,7,23,2,13,912,13,13,14,0.511917925524397
810,7,23,2,13,557,13,13,14,0.511917925524397
811,1,23,13,3,1597,2,3,2,0.347703035274815
812,1,23,13,3,1406,2,3,2,0.347703035274815
813,1,23,13,3,1055,2,3,2,0.347703035274815
814,1,23,13,3,1070,2,3,2,0.347703035274815
815,1,23,13,3,1093,2,3,2,0.347703035274815
816,1,23,13,3,1246,2,3,2,0.347703035274815
817,1,23,13,3,1352,2,3,2,0.347703035274815
818,1,23,13,3,1278,2,3,2,0.347703035274815
819,1,23,13,3,970,2,3,2,0.347703035274815
820,1,23,13,3,1000,2,3,2,0.347703035274815
821,1,23,13,3,722,2,3,2,0.347703035274815
822,1,23,13,3,1533,2,3,2,0.347703035274815
823,1,23,13,3,884,2,3,2,0.347703035274815
824,1,23,13,3,905,2,3,2,0.347703035274815
825,1,23,13,3,1157,2,3,2,0.347703035274815
826,1,23,13,3,754,2,3,2,0.347703035274815
827,1,23,13,3,757,2,3,2,0.347703035274815
828,1,23,13,3,1298,1,3,1,0.432302288692499
829,1,23,13,3,867,2,3,2,0.347703035274815
830,1,23,13,3,1220,1,3,1,0.432302288692499
831,1,23,13,3,690,2,3,2,0.347703035274815
832,1,23,13,3,937,1,3,1,0.432302288692499
833,1,23,13,3,904,2,3,2,0.347703035274815
834,1,23,13,3,714,1,3,1,0.432302288692499
835,1,23,13,3,728,1,3,1,0.432302288692499
836,1,23,13,3,480,1,3,1,0.432302288692499
837,1,23,13,3,1019,1,3,1,0.432302288692499
838,1,23,13,3,455,1,3,1,0.432302288692499
839,1,23,13,3,1024,1,3,1,0.432302288692499
840,1,23,13,3,688,1,3,1,0.432302288692499
841,1,23,13,3,1047,1,3,1,0.432302288692499
842,1,23,13,3,1170,1,3,1,0.432302288692499
843,1,23,13,3,684,1,3,1,0.432302288692499
844,1,23,13,3,787,1,3,1,0.432302288692499
845,1,23,13,3,999,1,3,1,0.432302288692499
846,1,23,13,3,1268,1,3,1,0.432302288692499
847,1,23,13,3,1467,1,3,1,0.432302288692499
848,1,23,13,3,1527,1,3,1,0.432302288692499
