"seccion","munn","edon","disloc2018","disloc2015","pobtot","esc1","esc3","SQ","dsi_pob"
1,1,24,4,4,1602,4,1,4,1
2,1,24,4,4,2706,4,1,4,1
3,1,24,4,4,358,4,1,4,1
4,1,24,4,4,560,4,1,4,1
5,1,24,4,4,357,4,1,4,1
6,1,24,4,4,2030,4,1,4,1
7,1,24,4,4,1667,4,1,4,1
8,1,24,4,4,2175,4,1,4,1
9,1,24,4,4,395,4,1,4,1
10,1,24,4,4,201,4,1,4,1
11,1,24,4,4,1664,4,1,4,1
12,1,24,4,4,881,4,1,4,1
13,1,24,4,4,1496,4,1,4,1
14,1,24,4,4,2993,4,1,4,1
15,2,24,11,11,369,7,3,11,0.762206775246503
16,2,24,11,11,340,7,3,11,0.762206775246503
17,2,24,11,11,410,7,3,11,0.762206775246503
18,2,24,11,11,152,7,3,11,0.762206775246503
19,2,24,11,11,386,7,3,11,0.762206775246503
20,2,24,11,11,232,7,3,11,0.762206775246503
21,2,24,11,11,284,7,3,11,0.762206775246503
22,2,24,11,11,230,7,3,11,0.762206775246503
23,2,24,11,11,649,7,3,11,0.762206775246503
24,2,24,11,11,221,7,3,11,0.762206775246503
25,2,24,11,11,185,7,3,11,0.762206775246503
26,2,24,11,11,1305,7,3,11,0.762206775246503
27,2,24,11,11,425,7,3,11,0.762206775246503
28,2,24,11,11,812,7,3,11,0.762206775246503
29,2,24,11,11,212,7,3,11,0.762206775246503
30,2,24,11,11,562,7,3,11,0.762206775246503
31,2,24,11,11,375,7,3,11,0.762206775246503
32,2,24,11,11,525,7,3,11,0.762206775246503
33,2,24,11,11,517,7,3,11,0.762206775246503
34,3,24,14,14,3325,5,4,14,1
35,3,24,14,14,964,5,4,14,1
36,3,24,14,14,1324,5,4,14,1
37,3,24,14,14,725,5,4,14,1
38,3,24,14,14,1177,5,4,14,1
39,3,24,14,14,2069,5,4,14,1
40,3,24,14,14,300,5,4,14,1
41,3,24,14,14,2040,5,4,14,1
42,3,24,14,14,1540,5,4,14,1
43,3,24,14,14,2655,5,4,14,1
44,3,24,14,14,2541,5,4,14,1
45,3,24,14,14,2853,5,4,14,1
46,3,24,14,14,2939,5,4,14,1
47,3,24,14,14,1626,5,4,14,1
48,3,24,14,14,3046,5,4,14,1
49,3,24,14,14,1940,5,4,14,1
50,3,24,14,14,832,5,4,14,1
51,3,24,14,14,2330,5,4,14,1
52,3,24,14,14,1258,5,4,14,1
53,3,24,14,14,2813,5,4,14,1
54,3,24,14,14,1717,5,4,14,1
55,3,24,14,14,1350,5,4,14,1
56,3,24,14,14,1407,5,4,14,1
57,3,24,14,14,1813,5,4,14,1
58,3,24,14,14,1346,5,4,14,1
59,3,24,14,14,1192,5,4,14,1
60,4,24,3,2,301,4,2,3,0.801942632523428
61,4,24,3,2,132,4,2,3,0.801942632523428
62,4,24,3,2,117,4,2,3,0.801942632523428
63,4,24,3,2,153,4,2,3,0.801942632523428
64,4,24,3,2,831,4,2,3,0.801942632523428
65,4,24,3,2,450,4,2,3,0.801942632523428
66,4,24,3,2,123,4,2,3,0.801942632523428
67,4,24,3,2,37,4,2,3,0.801942632523428
68,4,24,3,2,657,4,2,3,0.801942632523428
69,4,24,3,2,247,4,2,3,0.801942632523428
70,4,24,3,2,539,4,2,3,0.801942632523428
71,4,24,3,2,229,4,2,3,0.801942632523428
72,4,24,3,2,126,4,2,3,0.801942632523428
73,4,24,3,2,87,4,2,3,0.801942632523428
75,4,24,3,2,69,4,2,3,0.801942632523428
76,4,24,3,2,84,4,2,3,0.801942632523428
77,4,24,3,2,250,4,2,3,0.801942632523428
78,5,24,11,11,1337,7,3,11,0.762206775246503
79,5,24,11,11,2641,7,3,11,0.762206775246503
80,5,24,11,11,1441,7,3,11,0.762206775246503
81,5,24,11,11,1051,7,3,11,0.762206775246503
82,5,24,11,11,572,7,3,11,0.762206775246503
83,5,24,11,11,726,7,3,11,0.762206775246503
84,5,24,11,11,1270,7,3,11,0.762206775246503
85,5,24,11,11,2221,7,3,11,0.762206775246503
86,5,24,11,11,900,7,3,11,0.762206775246503
87,5,24,11,11,613,7,3,11,0.762206775246503
88,5,24,11,11,835,7,3,11,0.762206775246503
89,5,24,11,11,722,7,3,11,0.762206775246503
90,5,24,11,11,1116,7,3,11,0.762206775246503
91,5,24,11,11,509,7,3,11,0.762206775246503
92,5,24,11,11,354,7,3,11,0.762206775246503
93,5,24,11,11,837,7,3,11,0.762206775246503
94,5,24,11,11,366,7,3,11,0.762206775246503
95,5,24,11,11,642,7,3,11,0.762206775246503
96,5,24,11,11,501,7,3,11,0.762206775246503
97,5,24,11,11,270,7,3,11,0.762206775246503
98,6,24,1,1,1625,3,5,1,0.918786648877129
99,6,24,1,1,220,3,5,1,0.918786648877129
101,6,24,1,1,502,3,5,1,0.918786648877129
102,6,24,1,1,385,3,5,1,0.918786648877129
103,6,24,1,1,543,3,5,1,0.918786648877129
105,6,24,1,1,364,3,5,1,0.918786648877129
106,6,24,1,1,1342,3,5,1,0.918786648877129
107,6,24,1,1,248,3,5,1,0.918786648877129
108,6,24,1,1,587,3,5,1,0.918786648877129
109,6,24,1,1,313,3,5,1,0.918786648877129
110,6,24,1,1,283,3,5,1,0.918786648877129
111,6,24,1,1,417,3,5,1,0.918786648877129
112,6,24,1,1,670,3,5,1,0.918786648877129
113,6,24,1,1,342,3,5,1,0.918786648877129
114,6,24,1,1,170,3,5,1,0.918786648877129
115,6,24,1,1,470,3,5,1,0.918786648877129
116,6,24,1,1,361,3,5,1,0.918786648877129
117,6,24,1,1,287,3,5,1,0.918786648877129
118,6,24,1,1,591,3,5,1,0.918786648877129
119,7,24,1,1,3077,3,5,1,0.918786648877129
120,7,24,1,1,2654,3,5,1,0.918786648877129
121,7,24,1,1,2423,3,5,1,0.918786648877129
122,7,24,1,1,3434,3,5,1,0.918786648877129
123,7,24,1,1,251,3,5,1,0.918786648877129
124,7,24,1,1,396,3,5,1,0.918786648877129
125,7,24,1,1,584,3,5,1,0.918786648877129
126,7,24,1,1,638,3,5,1,0.918786648877129
127,7,24,1,1,421,3,5,1,0.918786648877129
128,7,24,1,1,482,3,5,1,0.918786648877129
129,7,24,1,1,165,3,5,1,0.918786648877129
130,7,24,1,1,331,3,5,1,0.918786648877129
131,7,24,1,1,1708,3,5,1,0.918786648877129
132,7,24,1,1,204,3,5,1,0.918786648877129
133,7,24,1,1,462,3,5,1,0.918786648877129
134,7,24,1,1,455,3,5,1,0.918786648877129
135,7,24,1,1,808,3,5,1,0.918786648877129
136,8,24,10,2,1323,7,6,10,0.718862664932169
137,8,24,10,2,1367,7,6,10,0.718862664932169
138,8,24,10,2,834,7,6,10,0.718862664932169
139,8,24,10,2,2015,7,6,10,0.718862664932169
140,8,24,10,2,1195,7,6,10,0.718862664932169
141,8,24,10,2,1929,7,6,10,0.718862664932169
142,8,24,10,2,1382,7,6,10,0.718862664932169
143,8,24,10,2,2170,7,6,10,0.718862664932169
144,8,24,10,2,2324,7,6,10,0.718862664932169
145,8,24,10,2,136,7,6,10,0.718862664932169
147,8,24,10,2,587,7,6,10,0.718862664932169
148,8,24,10,2,468,7,6,10,0.718862664932169
149,8,24,10,2,183,7,6,10,0.718862664932169
150,8,24,10,2,237,7,6,10,0.718862664932169
151,8,24,10,2,93,7,6,10,0.718862664932169
152,8,24,10,2,1234,7,6,10,0.718862664932169
153,8,24,10,2,193,7,6,10,0.718862664932169
154,8,24,10,2,354,7,6,10,0.718862664932169
155,8,24,10,2,433,7,6,10,0.718862664932169
156,8,24,10,2,683,7,6,10,0.718862664932169
157,8,24,10,2,111,7,6,10,0.718862664932169
158,8,24,10,2,326,7,6,10,0.718862664932169
159,8,24,10,2,102,7,6,10,0.718862664932169
160,8,24,10,2,230,7,6,10,0.718862664932169
161,8,24,10,2,523,7,6,10,0.718862664932169
162,8,24,10,2,132,7,6,10,0.718862664932169
163,8,24,10,2,583,7,6,10,0.718862664932169
164,8,24,10,2,44,7,6,10,0.718862664932169
165,9,24,3,3,240,7,2,3,0.801942632523428
166,9,24,3,3,74,7,2,3,0.801942632523428
167,9,24,3,3,222,7,2,3,0.801942632523428
168,9,24,3,3,62,7,2,3,0.801942632523428
169,9,24,3,3,167,7,2,3,0.801942632523428
170,9,24,3,3,142,7,2,3,0.801942632523428
171,9,24,3,3,2184,7,2,3,0.801942632523428
172,9,24,3,3,783,7,2,3,0.801942632523428
173,10,24,11,11,1999,7,3,11,0.762206775246503
174,10,24,11,11,1182,7,3,11,0.762206775246503
175,10,24,11,11,2004,7,3,11,0.762206775246503
176,10,24,11,11,2946,7,3,11,0.762206775246503
177,10,24,11,11,1336,7,3,11,0.762206775246503
178,10,24,11,11,569,7,3,11,0.762206775246503
179,10,24,11,11,1517,7,3,11,0.762206775246503
180,57,24,11,11,513,7,3,11,0.762206775246503
181,10,24,11,11,586,7,3,11,0.762206775246503
182,10,24,11,11,1638,7,3,11,0.762206775246503
183,10,24,11,11,427,7,3,11,0.762206775246503
184,10,24,11,11,1110,7,3,11,0.762206775246503
185,10,24,11,11,1006,7,3,11,0.762206775246503
186,57,24,11,11,1314,7,3,11,0.762206775246503
187,57,24,11,11,1101,7,3,11,0.762206775246503
188,57,24,11,11,2518,7,3,11,0.762206775246503
189,57,24,11,11,1620,7,3,11,0.762206775246503
190,57,24,11,11,1339,7,3,11,0.762206775246503
191,57,24,11,11,1281,7,3,11,0.762206775246503
192,57,24,11,11,2119,7,3,11,0.762206775246503
193,57,24,11,11,2776,7,3,11,0.762206775246503
194,57,24,11,11,1353,7,3,11,0.762206775246503
195,57,24,11,11,850,7,3,11,0.762206775246503
196,10,24,11,11,283,7,3,11,0.762206775246503
197,10,24,11,11,772,7,3,11,0.762206775246503
198,10,24,11,11,1750,7,3,11,0.762206775246503
199,10,24,11,11,502,7,3,11,0.762206775246503
200,10,24,11,11,312,7,3,11,0.762206775246503
201,10,24,11,11,2691,7,3,11,0.762206775246503
202,10,24,11,11,1540,7,3,11,0.762206775246503
203,57,24,11,11,259,7,3,11,0.762206775246503
204,57,24,11,11,386,7,3,11,0.762206775246503
205,57,24,11,11,783,7,3,11,0.762206775246503
206,10,24,11,11,774,7,3,11,0.762206775246503
207,10,24,11,11,440,7,3,11,0.762206775246503
208,10,24,11,11,663,7,3,11,0.762206775246503
209,10,24,11,11,828,7,3,11,0.762206775246503
210,10,24,11,11,509,7,3,11,0.762206775246503
211,10,24,11,11,669,7,3,11,0.762206775246503
212,57,24,11,11,1109,7,3,11,0.762206775246503
213,57,24,11,11,340,7,3,11,0.762206775246503
214,10,24,11,11,791,7,3,11,0.762206775246503
215,10,24,11,11,477,7,3,11,0.762206775246503
216,10,24,11,11,487,7,3,11,0.762206775246503
217,10,24,11,11,1221,7,3,11,0.762206775246503
218,10,24,11,11,278,7,3,11,0.762206775246503
219,57,24,11,11,841,7,3,11,0.762206775246503
220,11,24,10,10,1932,2,6,10,0.718862664932169
221,11,24,10,10,1651,2,6,10,0.718862664932169
222,11,24,10,10,3221,2,6,10,0.718862664932169
223,11,24,10,10,1170,2,6,10,0.718862664932169
224,11,24,10,10,1307,2,6,10,0.718862664932169
225,11,24,10,10,6038,2,6,10,0.718862664932169
226,11,24,10,10,1975,2,6,10,0.718862664932169
227,11,24,10,10,4273,2,6,10,0.718862664932169
228,11,24,10,10,2856,2,6,10,0.718862664932169
229,11,24,10,10,738,2,6,10,0.718862664932169
230,11,24,10,10,2048,2,6,10,0.718862664932169
231,11,24,10,10,517,2,6,10,0.718862664932169
232,11,24,10,10,1706,2,6,10,0.718862664932169
233,11,24,10,10,948,2,6,10,0.718862664932169
234,11,24,10,10,1926,2,6,10,0.718862664932169
235,11,24,10,10,209,2,6,10,0.718862664932169
236,11,24,10,10,386,2,6,10,0.718862664932169
237,11,24,10,10,321,2,6,10,0.718862664932169
238,11,24,10,10,211,2,6,10,0.718862664932169
239,11,24,10,10,116,2,6,10,0.718862664932169
240,11,24,10,10,247,2,6,10,0.718862664932169
241,11,24,10,10,846,2,6,10,0.718862664932169
242,11,24,10,10,593,2,6,10,0.718862664932169
243,11,24,10,10,1723,2,6,10,0.718862664932169
244,11,24,10,10,356,2,6,10,0.718862664932169
245,11,24,10,10,622,2,6,10,0.718862664932169
246,11,24,10,10,1682,2,6,10,0.718862664932169
247,11,24,10,10,1334,2,6,10,0.718862664932169
248,11,24,10,10,1331,2,6,10,0.718862664932169
249,11,24,10,10,625,2,6,10,0.718862664932169
250,11,24,10,10,258,2,6,10,0.718862664932169
251,12,24,14,14,664,5,4,14,1
252,12,24,14,14,1803,5,4,14,1
253,12,24,14,14,1474,5,4,14,1
254,12,24,14,14,466,5,4,14,1
255,12,24,14,14,877,5,4,14,1
256,12,24,14,14,2183,5,4,14,1
257,12,24,14,14,1852,5,4,14,1
258,12,24,14,14,1050,5,4,14,1
259,12,24,14,14,2795,5,4,14,1
260,12,24,14,14,3098,5,4,14,1
261,12,24,14,14,780,5,4,14,1
262,12,24,14,14,523,5,4,14,1
263,12,24,14,14,443,5,4,14,1
264,12,24,14,14,1302,5,4,14,1
265,12,24,14,14,2568,5,4,14,1
266,13,24,12,12,10243,9,15,12,1
267,13,24,12,12,3086,9,15,12,1
268,13,24,12,12,192,9,15,12,1
269,13,24,12,12,219,9,15,12,1
270,13,24,12,12,235,9,15,12,1
271,13,24,12,12,4834,9,15,12,1
272,13,24,12,12,5026,9,15,12,1
273,13,24,12,12,5598,9,15,12,1
274,13,24,12,12,4474,9,15,12,1
275,13,24,12,12,2142,9,15,12,1
276,13,24,12,12,1030,9,15,12,1
277,13,24,12,12,5517,9,15,12,1
278,13,24,12,12,1712,9,15,12,1
279,13,24,12,12,1644,9,15,12,1
280,13,24,12,12,2180,9,15,12,1
281,13,24,12,12,1063,9,15,12,1
282,13,24,12,12,2708,9,15,12,1
283,13,24,12,12,1961,9,15,12,1
284,13,24,12,12,1329,9,15,12,1
285,13,24,12,12,1028,9,15,12,1
286,13,24,12,12,1508,9,15,12,1
287,13,24,12,12,2003,9,15,12,1
288,13,24,12,12,1144,9,15,12,1
289,13,24,12,12,4786,9,15,12,1
290,13,24,12,12,1030,9,15,12,1
291,13,24,12,12,854,9,15,12,1
292,13,24,12,12,1525,9,15,12,1
293,13,24,12,12,1364,9,15,12,1
294,13,24,12,12,1118,9,15,12,1
295,13,24,12,12,1173,9,15,12,1
296,13,24,12,12,892,9,15,12,1
297,13,24,12,12,2401,9,15,12,1
298,13,24,12,12,1823,9,15,12,1
299,13,24,12,12,1639,9,15,12,1
300,13,24,12,12,4296,9,15,12,1
301,13,24,12,12,562,9,15,12,1
302,13,24,12,12,396,9,15,12,1
303,13,24,12,12,732,9,15,12,1
304,13,24,12,12,1232,9,15,12,1
305,13,24,12,12,729,9,15,12,1
306,13,24,12,12,456,9,15,12,1
307,13,24,12,12,538,9,15,12,1
308,13,24,12,12,1169,9,15,12,1
309,13,24,12,12,1912,9,15,12,1
310,13,24,12,12,2322,9,15,12,1
311,13,24,12,12,2409,9,15,12,1
312,13,24,12,12,793,9,15,12,1
313,13,24,12,12,1619,9,15,12,1
314,13,24,12,12,359,9,15,12,1
315,13,24,12,12,145,9,15,12,1
316,13,24,12,12,2580,9,15,12,1
317,13,24,12,12,1002,9,15,12,1
318,13,24,12,12,483,9,15,12,1
319,13,24,12,12,1324,9,15,12,1
320,13,24,12,12,5275,9,15,12,1
321,13,24,12,12,786,9,15,12,1
322,13,24,12,12,1898,9,15,12,1
323,13,24,12,12,5094,9,15,12,1
324,13,24,12,12,2772,9,15,12,1
325,13,24,12,12,7,9,15,12,1
326,13,24,12,12,2781,9,15,12,1
327,13,24,12,12,219,9,15,12,1
328,13,24,12,12,349,9,15,12,1
329,13,24,12,12,430,9,15,12,1
330,13,24,12,12,247,9,15,12,1
331,13,24,12,12,763,9,15,12,1
332,13,24,12,12,2070,9,15,12,1
333,13,24,12,12,2120,9,15,12,1
334,13,24,12,12,397,9,15,12,1
335,13,24,12,12,820,9,15,12,1
336,13,24,12,12,406,9,15,12,1
337,13,24,12,12,466,9,15,12,1
338,13,24,12,12,1729,9,15,12,1
339,13,24,12,12,457,9,15,12,1
340,13,24,12,12,565,9,15,12,1
341,13,24,12,12,720,9,15,12,1
342,13,24,12,12,757,9,15,12,1
343,13,24,12,12,500,9,15,12,1
344,13,24,12,12,861,9,15,12,1
345,13,24,12,12,814,9,15,12,1
346,13,24,12,12,3260,9,15,12,1
347,13,24,12,12,1172,9,15,12,1
348,13,24,12,12,964,9,15,12,1
349,13,24,12,12,2274,9,15,12,1
350,13,24,12,12,1942,9,15,12,1
351,13,24,12,12,447,9,15,12,1
352,13,24,12,12,1349,9,15,12,1
353,13,24,12,12,1221,9,15,12,1
354,13,24,12,12,1745,9,15,12,1
355,13,24,12,12,1061,9,15,12,1
356,13,24,12,12,1611,9,15,12,1
357,13,24,12,12,707,9,15,12,1
358,13,24,12,12,1631,9,15,12,1
359,13,24,12,12,1322,9,15,12,1
360,13,24,12,12,1168,9,15,12,1
361,13,24,12,12,1793,9,15,12,1
362,13,24,12,12,606,9,15,12,1
363,13,24,12,12,436,9,15,12,1
364,13,24,12,12,1554,9,15,12,1
365,13,24,12,12,497,9,15,12,1
366,13,24,12,12,500,9,15,12,1
367,13,24,12,12,1280,9,15,12,1
368,13,24,12,12,286,9,15,12,1
369,13,24,12,12,501,9,15,12,1
370,13,24,12,12,889,9,15,12,1
371,14,24,13,13,1417,6,14,13,1
372,14,24,13,13,1549,6,14,13,1
373,14,24,13,13,929,6,14,13,1
374,14,24,13,13,903,6,14,13,1
375,14,24,13,13,1147,6,14,13,1
376,14,24,13,13,914,6,14,13,1
377,14,24,13,13,1591,6,14,13,1
378,14,24,13,13,1110,6,14,13,1
379,14,24,13,13,1355,6,14,13,1
380,14,24,13,13,444,6,14,13,1
381,14,24,13,13,2475,6,14,13,1
382,14,24,13,13,1110,6,14,13,1
383,14,24,13,13,1730,6,14,13,1
384,15,24,1,1,1009,3,5,1,0.918786648877129
385,15,24,1,1,849,3,5,1,0.918786648877129
386,15,24,1,1,1254,3,5,1,0.918786648877129
387,15,24,1,1,1357,3,5,1,0.918786648877129
388,15,24,1,1,1265,3,5,1,0.918786648877129
389,15,24,1,1,1346,3,5,1,0.918786648877129
390,15,24,1,1,887,3,5,1,0.918786648877129
391,15,24,1,1,1106,3,5,1,0.918786648877129
392,15,24,1,1,3832,3,5,1,0.918786648877129
393,15,24,1,1,251,3,5,1,0.918786648877129
394,15,24,1,1,904,3,5,1,0.918786648877129
395,15,24,1,1,276,3,5,1,0.918786648877129
396,15,24,1,1,1712,3,5,1,0.918786648877129
397,15,24,1,1,419,3,5,1,0.918786648877129
398,15,24,1,1,420,3,5,1,0.918786648877129
399,15,24,1,1,233,3,5,1,0.918786648877129
400,15,24,1,1,182,3,5,1,0.918786648877129
401,15,24,1,1,796,3,5,1,0.918786648877129
402,15,24,1,1,1318,3,5,1,0.918786648877129
403,15,24,1,1,943,3,5,1,0.918786648877129
404,15,24,1,1,664,3,5,1,0.918786648877129
405,16,24,13,13,1051,6,14,13,1
406,16,24,13,13,1161,6,14,13,1
407,16,24,13,13,2288,6,14,13,1
408,16,24,13,13,1112,6,14,13,1
409,16,24,13,13,1914,6,14,13,1
410,16,24,13,13,2806,6,14,13,1
411,16,24,13,13,1242,6,14,13,1
412,16,24,13,13,1404,6,14,13,1
413,16,24,13,13,790,6,14,13,1
414,16,24,13,13,945,6,14,13,1
415,16,24,13,13,1010,6,14,13,1
416,16,24,13,13,916,6,14,13,1
417,16,24,13,13,1030,6,14,13,1
418,16,24,13,13,1806,6,14,13,1
419,16,24,13,13,1306,6,14,13,1
420,16,24,13,13,243,6,14,13,1
421,16,24,13,13,987,6,14,13,1
422,16,24,13,13,1019,6,14,13,1
423,16,24,13,13,1195,6,14,13,1
424,16,24,13,13,2277,6,14,13,1
425,16,24,13,13,2448,6,14,13,1
426,16,24,13,13,1925,6,14,13,1
427,16,24,13,13,2310,6,14,13,1
428,16,24,13,13,873,6,14,13,1
429,16,24,13,13,567,6,14,13,1
430,16,24,13,13,2331,6,14,13,1
431,16,24,13,13,1112,6,14,13,1
432,16,24,13,13,198,6,14,13,1
433,16,24,13,13,1596,6,14,13,1
434,16,24,13,13,900,6,14,13,1
435,16,24,13,13,349,6,14,13,1
436,16,24,13,13,203,6,14,13,1
437,17,24,11,2,682,7,3,11,0.762206775246503
438,17,24,11,2,285,7,3,11,0.762206775246503
439,17,24,11,2,594,7,3,11,0.762206775246503
440,17,24,11,2,772,7,3,11,0.762206775246503
441,17,24,11,2,1876,7,3,11,0.762206775246503
442,17,24,11,2,385,7,3,11,0.762206775246503
443,17,24,11,2,1272,7,3,11,0.762206775246503
444,17,24,11,2,259,7,3,11,0.762206775246503
445,17,24,11,2,758,7,3,11,0.762206775246503
446,17,24,11,2,1135,7,3,11,0.762206775246503
447,17,24,11,2,2759,7,3,11,0.762206775246503
448,17,24,11,2,1019,7,3,11,0.762206775246503
449,17,24,11,2,1041,7,3,11,0.762206775246503
450,17,24,11,2,1168,7,3,11,0.762206775246503
451,17,24,11,2,3018,7,3,11,0.762206775246503
452,17,24,11,2,456,7,3,11,0.762206775246503
453,17,24,11,2,251,7,3,11,0.762206775246503
454,17,24,11,2,1048,7,3,11,0.762206775246503
455,17,24,11,2,208,7,3,11,0.762206775246503
456,17,24,11,2,135,7,3,11,0.762206775246503
457,17,24,11,2,612,7,3,11,0.762206775246503
458,17,24,11,2,930,7,3,11,0.762206775246503
459,17,24,11,2,84,7,3,11,0.762206775246503
460,17,24,11,2,187,7,3,11,0.762206775246503
461,17,24,11,2,253,7,3,11,0.762206775246503
462,17,24,11,2,847,7,3,11,0.762206775246503
463,17,24,11,2,721,7,3,11,0.762206775246503
464,17,24,11,2,709,7,3,11,0.762206775246503
465,17,24,11,2,866,7,3,11,0.762206775246503
466,17,24,11,2,1435,7,3,11,0.762206775246503
467,17,24,11,2,339,7,3,11,0.762206775246503
468,18,24,14,14,418,5,4,14,1
469,18,24,14,14,857,5,4,14,1
470,18,24,14,14,1691,5,4,14,1
471,18,24,14,14,974,5,4,14,1
472,18,24,14,14,1429,5,4,14,1
473,18,24,14,14,1251,5,4,14,1
474,18,24,14,14,2558,5,4,14,1
475,18,24,14,14,2243,5,4,14,1
476,18,24,14,14,2484,5,4,14,1
477,18,24,14,14,1460,5,4,14,1
478,19,24,11,10,104,2,3,11,0.762206775246503
479,19,24,11,10,354,2,3,11,0.762206775246503
480,19,24,11,10,148,2,3,11,0.762206775246503
481,19,24,11,10,711,2,3,11,0.762206775246503
482,19,24,11,10,1167,2,3,11,0.762206775246503
483,19,24,11,10,522,2,3,11,0.762206775246503
484,19,24,11,10,96,2,3,11,0.762206775246503
485,19,24,11,10,1216,2,3,11,0.762206775246503
486,19,24,11,10,572,2,3,11,0.762206775246503
487,19,24,11,10,301,2,3,11,0.762206775246503
488,19,24,11,10,408,2,3,11,0.762206775246503
489,19,24,11,10,287,2,3,11,0.762206775246503
490,20,24,1,1,1862,3,5,1,0.918786648877129
491,20,24,1,1,1174,3,5,1,0.918786648877129
492,20,24,1,1,159,3,5,1,0.918786648877129
493,20,24,1,1,2192,3,5,1,0.918786648877129
494,20,24,1,1,1521,3,5,1,0.918786648877129
495,20,24,1,1,1415,3,5,1,0.918786648877129
496,20,24,1,1,4104,3,5,1,0.918786648877129
497,20,24,1,1,2172,3,5,1,0.918786648877129
498,20,24,1,1,1914,3,5,1,0.918786648877129
499,20,24,1,1,726,3,5,1,0.918786648877129
500,20,24,1,1,2785,3,5,1,0.918786648877129
501,20,24,1,1,2259,3,5,1,0.918786648877129
502,20,24,1,1,3732,3,5,1,0.918786648877129
503,20,24,1,1,2562,3,5,1,0.918786648877129
504,20,24,1,1,2087,3,5,1,0.918786648877129
505,20,24,1,1,1550,3,5,1,0.918786648877129
506,20,24,1,1,1446,3,5,1,0.918786648877129
507,20,24,1,1,1522,3,5,1,0.918786648877129
508,20,24,1,1,1653,3,5,1,0.918786648877129
509,20,24,1,1,2687,3,5,1,0.918786648877129
510,20,24,1,1,2205,3,5,1,0.918786648877129
511,20,24,1,1,1264,3,5,1,0.918786648877129
512,20,24,1,1,951,3,5,1,0.918786648877129
513,20,24,1,1,4003,3,5,1,0.918786648877129
514,20,24,1,1,1986,3,5,1,0.918786648877129
515,20,24,1,1,2990,3,5,1,0.918786648877129
516,20,24,1,1,935,3,5,1,0.918786648877129
517,20,24,1,1,1308,3,5,1,0.918786648877129
518,20,24,1,1,3993,3,5,1,0.918786648877129
519,20,24,1,1,1079,3,5,1,0.918786648877129
520,20,24,1,1,1463,3,5,1,0.918786648877129
521,20,24,1,1,1939,3,5,1,0.918786648877129
522,20,24,1,1,744,3,5,1,0.918786648877129
523,20,24,1,1,1004,3,5,1,0.918786648877129
524,20,24,1,1,1510,3,5,1,0.918786648877129
525,20,24,1,1,1528,3,5,1,0.918786648877129
526,20,24,1,1,1944,3,5,1,0.918786648877129
527,20,24,1,1,2895,3,5,1,0.918786648877129
528,20,24,1,1,476,3,5,1,0.918786648877129
529,20,24,1,1,541,3,5,1,0.918786648877129
530,20,24,1,1,340,3,5,1,0.918786648877129
531,20,24,1,1,1764,3,5,1,0.918786648877129
532,20,24,1,1,1099,3,5,1,0.918786648877129
533,20,24,1,1,995,3,5,1,0.918786648877129
534,20,24,1,1,233,3,5,1,0.918786648877129
535,20,24,1,1,157,3,5,1,0.918786648877129
536,20,24,1,1,2049,3,5,1,0.918786648877129
537,20,24,1,1,135,3,5,1,0.918786648877129
538,20,24,1,1,394,3,5,1,0.918786648877129
539,20,24,1,1,969,3,5,1,0.918786648877129
540,20,24,1,1,809,3,5,1,0.918786648877129
541,20,24,1,1,1021,3,5,1,0.918786648877129
542,20,24,1,1,210,3,5,1,0.918786648877129
543,20,24,1,1,248,3,5,1,0.918786648877129
544,20,24,1,1,603,3,5,1,0.918786648877129
545,20,24,1,1,1176,3,5,1,0.918786648877129
546,20,24,1,1,426,3,5,1,0.918786648877129
547,20,24,1,1,563,3,5,1,0.918786648877129
548,20,24,1,1,335,3,5,1,0.918786648877129
549,20,24,1,1,751,3,5,1,0.918786648877129
550,20,24,1,1,371,3,5,1,0.918786648877129
551,20,24,1,1,190,3,5,1,0.918786648877129
552,20,24,1,1,884,3,5,1,0.918786648877129
553,20,24,1,1,873,3,5,1,0.918786648877129
554,20,24,1,1,622,3,5,1,0.918786648877129
555,21,24,4,4,2005,1,1,4,1
556,21,24,4,4,2214,1,1,4,1
557,21,24,4,4,1265,1,1,4,1
558,21,24,4,4,1016,1,1,4,1
559,21,24,4,4,2181,1,1,4,1
560,21,24,4,4,1415,1,1,4,1
561,21,24,4,4,1535,1,1,4,1
562,21,24,4,4,1173,1,1,4,1
563,21,24,4,4,378,1,1,4,1
564,21,24,4,4,438,1,1,4,1
565,21,24,4,4,2520,1,1,4,1
566,21,24,4,4,1276,1,1,4,1
567,21,24,4,4,615,1,1,4,1
568,21,24,4,4,977,1,1,4,1
569,21,24,4,4,498,1,1,4,1
570,21,24,4,4,512,1,1,4,1
571,21,24,4,4,812,1,1,4,1
572,21,24,4,4,2560,1,1,4,1
573,21,24,4,4,2496,1,1,4,1
574,21,24,4,4,924,1,1,4,1
575,21,24,4,4,500,1,1,4,1
576,21,24,4,4,752,1,1,4,1
577,21,24,4,4,1189,1,1,4,1
578,21,24,4,4,993,1,1,4,1
579,21,24,4,4,1483,1,1,4,1
580,21,24,4,4,2296,1,1,4,1
581,21,24,4,4,1257,1,1,4,1
582,21,24,4,4,1498,1,1,4,1
583,21,24,4,4,948,1,1,4,1
584,21,24,4,4,951,1,1,4,1
585,21,24,4,4,2253,1,1,4,1
586,21,24,4,4,2787,1,1,4,1
587,21,24,4,4,2527,1,1,4,1
588,21,24,4,4,2246,1,1,4,1
589,21,24,4,4,1289,1,1,4,1
590,21,24,4,4,1211,1,1,4,1
591,22,24,4,4,958,4,1,4,1
592,22,24,4,4,1718,4,1,4,1
593,22,24,4,4,2751,4,1,4,1
594,22,24,4,4,217,4,1,4,1
596,22,24,4,4,265,4,1,4,1
597,22,24,4,4,874,4,1,4,1
598,22,24,4,4,647,4,1,4,1
599,22,24,4,4,411,4,1,4,1
600,22,24,4,4,468,4,1,4,1
601,22,24,4,4,826,4,1,4,1
602,22,24,4,4,549,4,1,4,1
603,22,24,4,4,784,4,1,4,1
604,22,24,4,4,787,4,1,4,1
605,22,24,4,4,594,4,1,4,1
606,22,24,4,4,720,4,1,4,1
607,22,24,4,4,845,4,1,4,1
608,22,24,4,4,1192,4,1,4,1
609,22,24,4,4,640,4,1,4,1
610,22,24,4,4,640,4,1,4,1
611,22,24,4,4,495,4,1,4,1
612,22,24,4,4,926,4,1,4,1
613,22,24,4,4,1023,4,1,4,1
614,22,24,4,4,350,4,1,4,1
615,22,24,4,4,392,4,1,4,1
616,23,24,11,11,1917,2,3,11,0.762206775246503
617,23,24,11,11,1534,2,3,11,0.762206775246503
618,23,24,11,11,2923,2,3,11,0.762206775246503
619,23,24,11,11,653,2,3,11,0.762206775246503
620,23,24,11,11,641,2,3,11,0.762206775246503
621,23,24,11,11,837,2,3,11,0.762206775246503
622,23,24,11,11,587,2,3,11,0.762206775246503
623,23,24,11,11,1558,2,3,11,0.762206775246503
624,23,24,11,11,449,2,3,11,0.762206775246503
625,23,24,11,11,352,2,3,11,0.762206775246503
626,23,24,11,11,1438,2,3,11,0.762206775246503
627,23,24,11,11,708,2,3,11,0.762206775246503
628,23,24,11,11,498,2,3,11,0.762206775246503
629,23,24,11,11,178,2,3,11,0.762206775246503
630,23,24,11,11,242,2,3,11,0.762206775246503
631,23,24,11,11,130,2,3,11,0.762206775246503
632,23,24,11,11,149,2,3,11,0.762206775246503
633,23,24,11,11,991,2,3,11,0.762206775246503
634,24,24,10,10,1550,2,6,10,0.718862664932169
635,24,24,10,10,1708,2,6,10,0.718862664932169
636,24,24,10,10,2606,2,6,10,0.718862664932169
637,24,24,10,10,1651,2,6,10,0.718862664932169
638,24,24,10,10,2423,2,6,10,0.718862664932169
639,24,24,10,10,1827,2,6,10,0.718862664932169
640,24,24,10,10,1024,2,6,10,0.718862664932169
641,24,24,10,10,2777,2,6,10,0.718862664932169
642,24,24,10,10,1749,2,6,10,0.718862664932169
643,24,24,10,10,1021,2,6,10,0.718862664932169
644,24,24,10,10,428,2,6,10,0.718862664932169
645,24,24,10,10,973,2,6,10,0.718862664932169
646,24,24,10,10,2567,2,6,10,0.718862664932169
647,24,24,10,10,1774,2,6,10,0.718862664932169
648,24,24,10,10,1016,2,6,10,0.718862664932169
649,24,24,10,10,980,2,6,10,0.718862664932169
650,24,24,10,10,1132,2,6,10,0.718862664932169
651,24,24,10,10,1128,2,6,10,0.718862664932169
652,24,24,10,10,893,2,6,10,0.718862664932169
653,24,24,10,10,1175,2,6,10,0.718862664932169
654,24,24,10,10,773,2,6,10,0.718862664932169
655,24,24,10,10,4024,2,6,10,0.718862664932169
656,24,24,10,10,3365,2,6,10,0.718862664932169
657,24,24,10,10,3790,2,6,10,0.718862664932169
658,24,24,10,10,1479,2,6,10,0.718862664932169
659,24,24,10,10,782,2,6,10,0.718862664932169
660,24,24,10,10,1945,2,6,10,0.718862664932169
661,24,24,10,10,3544,2,6,10,0.718862664932169
662,24,24,10,10,1108,2,6,10,0.718862664932169
663,24,24,10,10,772,2,6,10,0.718862664932169
664,24,24,10,10,404,2,6,10,0.718862664932169
665,24,24,10,10,1112,2,6,10,0.718862664932169
666,24,24,10,10,1038,2,6,10,0.718862664932169
667,24,24,10,10,405,2,6,10,0.718862664932169
668,24,24,10,10,1417,2,6,10,0.718862664932169
670,24,24,10,10,1587,2,6,10,0.718862664932169
671,24,24,10,10,532,2,6,10,0.718862664932169
672,24,24,10,10,246,2,6,10,0.718862664932169
673,24,24,10,10,310,2,6,10,0.718862664932169
674,24,24,10,10,336,2,6,10,0.718862664932169
675,24,24,10,10,440,2,6,10,0.718862664932169
676,24,24,10,10,571,2,6,10,0.718862664932169
677,24,24,10,10,658,2,6,10,0.718862664932169
678,24,24,10,10,1190,2,6,10,0.718862664932169
679,24,24,10,10,576,2,6,10,0.718862664932169
680,24,24,10,10,170,2,6,10,0.718862664932169
681,24,24,10,10,757,2,6,10,0.718862664932169
682,24,24,10,10,173,2,6,10,0.718862664932169
683,24,24,10,10,685,2,6,10,0.718862664932169
684,24,24,10,10,344,2,6,10,0.718862664932169
685,24,24,10,10,560,2,6,10,0.718862664932169
686,24,24,10,10,978,2,6,10,0.718862664932169
687,24,24,10,10,260,2,6,10,0.718862664932169
688,24,24,10,10,426,2,6,10,0.718862664932169
689,24,24,10,10,1072,2,6,10,0.718862664932169
690,24,24,10,10,835,2,6,10,0.718862664932169
691,24,24,10,10,294,2,6,10,0.718862664932169
692,24,24,10,10,770,2,6,10,0.718862664932169
693,24,24,10,10,770,2,6,10,0.718862664932169
694,24,24,10,10,457,2,6,10,0.718862664932169
695,24,24,10,10,3316,2,6,10,0.718862664932169
696,24,24,10,10,2018,2,6,10,0.718862664932169
697,24,24,10,10,1190,2,6,10,0.718862664932169
698,24,24,10,10,627,2,6,10,0.718862664932169
699,24,24,10,10,460,2,6,10,0.718862664932169
700,24,24,10,10,957,2,6,10,0.718862664932169
701,24,24,10,10,1046,2,6,10,0.718862664932169
702,24,24,10,10,351,2,6,10,0.718862664932169
703,24,24,10,10,672,2,6,10,0.718862664932169
704,24,24,10,10,316,2,6,10,0.718862664932169
705,24,24,10,10,743,2,6,10,0.718862664932169
706,24,24,10,10,2085,2,6,10,0.718862664932169
707,24,24,10,10,321,2,6,10,0.718862664932169
708,24,24,10,10,154,2,6,10,0.718862664932169
709,24,24,10,10,753,2,6,10,0.718862664932169
710,24,24,10,10,255,2,6,10,0.718862664932169
711,24,24,10,10,1670,2,6,10,0.718862664932169
712,24,24,10,10,165,2,6,10,0.718862664932169
713,24,24,10,10,986,2,6,10,0.718862664932169
714,24,24,10,10,119,2,6,10,0.718862664932169
715,24,24,10,10,448,2,6,10,0.718862664932169
716,24,24,10,10,247,2,6,10,0.718862664932169
717,24,24,10,10,532,2,6,10,0.718862664932169
718,24,24,10,10,275,2,6,10,0.718862664932169
719,24,24,10,10,86,2,6,10,0.718862664932169
720,24,24,10,10,617,2,6,10,0.718862664932169
721,24,24,10,10,199,2,6,10,0.718862664932169
722,24,24,10,10,212,2,6,10,0.718862664932169
723,24,24,10,10,44,2,6,10,0.718862664932169
724,25,24,4,4,2454,4,1,4,1
725,25,24,4,4,3500,4,1,4,1
726,25,24,4,4,3727,4,1,4,1
727,25,24,4,4,753,4,1,4,1
728,25,24,4,4,1904,4,1,4,1
729,25,24,4,4,708,4,1,4,1
730,25,24,4,4,3771,4,1,4,1
731,25,24,4,4,800,4,1,4,1
732,25,24,4,4,647,4,1,4,1
733,25,24,4,4,969,4,1,4,1
734,25,24,4,4,242,4,1,4,1
735,25,24,4,4,1316,4,1,4,1
736,25,24,4,4,933,4,1,4,1
737,25,24,4,4,340,4,1,4,1
738,25,24,4,4,382,4,1,4,1
740,25,24,4,4,1727,4,1,4,1
741,25,24,4,4,525,4,1,4,1
742,25,24,4,4,1081,4,1,4,1
743,25,24,4,4,503,4,1,4,1
744,25,24,4,4,646,4,1,4,1
745,25,24,4,4,304,4,1,4,1
746,25,24,4,4,2046,4,1,4,1
747,25,24,4,4,912,4,1,4,1
748,26,24,13,13,2016,5,14,13,1
749,26,24,13,13,637,5,14,13,1
750,26,24,13,13,539,5,14,13,1
751,26,24,13,13,825,5,14,13,1
752,26,24,13,13,1681,5,14,13,1
753,26,24,13,13,744,5,14,13,1
754,26,24,13,13,919,5,14,13,1
755,26,24,13,13,798,5,14,13,1
756,26,24,13,13,1261,5,14,13,1
757,27,24,11,10,815,2,3,11,0.762206775246503
758,27,24,11,10,787,2,3,11,0.762206775246503
759,27,24,11,10,1572,2,3,11,0.762206775246503
760,27,24,11,10,1445,2,3,11,0.762206775246503
761,27,24,11,10,780,2,3,11,0.762206775246503
762,27,24,11,10,751,2,3,11,0.762206775246503
763,27,24,11,10,914,2,3,11,0.762206775246503
764,27,24,11,10,665,2,3,11,0.762206775246503
765,27,24,11,10,144,2,3,11,0.762206775246503
766,27,24,11,10,268,2,3,11,0.762206775246503
767,27,24,11,10,547,2,3,11,0.762206775246503
768,27,24,11,10,132,2,3,11,0.762206775246503
769,27,24,11,10,404,2,3,11,0.762206775246503
770,27,24,11,10,173,2,3,11,0.762206775246503
771,27,24,11,10,350,2,3,11,0.762206775246503
772,27,24,11,10,443,2,3,11,0.762206775246503
773,28,24,2,5,13064,14,10,6,0.123915011122191
774,28,24,5,5,12282,14,8,5,0.256154047934615
775,28,24,5,5,16125,14,8,5,0.256154047934615
776,28,24,5,5,7275,14,8,5,0.256154047934615
777,28,24,2,5,1791,14,10,6,0.123915011122191
778,28,24,2,5,4117,14,10,6,0.123915011122191
779,28,24,2,5,6552,14,10,6,0.123915011122191
780,28,24,2,5,3382,14,10,6,0.123915011122191
781,28,24,5,5,5796,14,8,5,0.256154047934615
782,28,24,5,5,2975,14,8,5,0.256154047934615
783,28,24,2,5,4118,14,10,6,0.123915011122191
784,28,24,2,5,2068,14,10,6,0.123915011122191
785,28,24,2,5,2252,14,10,6,0.123915011122191
786,28,24,2,5,4848,14,10,6,0.123915011122191
787,28,24,7,5,12057,14,9,7,0.62267886862746
788,28,24,2,5,1262,14,10,6,0.123915011122191
789,28,24,2,5,2256,14,10,6,0.123915011122191
790,28,24,2,5,2732,14,10,6,0.123915011122191
791,28,24,5,5,3497,14,8,5,0.256154047934615
792,28,24,5,5,4474,14,8,5,0.256154047934615
793,28,24,2,5,1694,14,10,6,0.123915011122191
794,28,24,2,5,3079,14,10,6,0.123915011122191
795,28,24,2,5,3376,14,10,6,0.123915011122191
796,28,24,2,5,3450,14,10,6,0.123915011122191
797,28,24,7,5,2542,14,9,7,0.62267886862746
798,28,24,7,5,1521,12,9,7,0.62267886862746
799,28,24,2,5,1198,14,10,6,0.123915011122191
800,28,24,2,5,1491,14,10,6,0.123915011122191
801,28,24,2,5,1512,14,10,6,0.123915011122191
802,28,24,2,5,1453,14,10,6,0.123915011122191
803,28,24,2,5,3220,14,10,6,0.123915011122191
804,28,24,2,5,913,14,10,6,0.123915011122191
805,28,24,7,5,10192,14,9,7,0.62267886862746
806,28,24,2,5,1016,14,10,6,0.123915011122191
807,28,24,2,5,1180,14,10,6,0.123915011122191
808,28,24,5,5,2832,14,8,5,0.256154047934615
809,28,24,5,7,2032,14,8,5,0.256154047934615
810,28,24,2,7,2516,14,10,6,0.123915011122191
811,28,24,2,5,820,14,10,6,0.123915011122191
812,28,24,2,5,1716,14,10,6,0.123915011122191
813,28,24,2,5,1537,14,10,6,0.123915011122191
814,28,24,2,5,1403,14,10,6,0.123915011122191
815,28,24,2,5,1522,14,10,6,0.123915011122191
816,28,24,2,5,2070,14,10,6,0.123915011122191
817,28,24,2,5,1278,14,10,6,0.123915011122191
818,28,24,2,5,743,14,10,6,0.123915011122191
819,28,24,2,5,995,14,10,6,0.123915011122191
820,28,24,2,5,930,14,10,6,0.123915011122191
821,28,24,2,5,3111,14,10,6,0.123915011122191
822,28,24,2,7,1631,10,10,6,0.123915011122191
823,28,24,2,7,1198,10,10,6,0.123915011122191
824,28,24,2,7,2016,10,10,6,0.123915011122191
825,28,24,2,7,1479,10,10,6,0.123915011122191
826,28,24,2,7,1605,10,10,6,0.123915011122191
827,28,24,2,7,1281,10,10,6,0.123915011122191
828,28,24,7,7,2848,10,9,7,0.62267886862746
829,28,24,7,7,2496,10,9,7,0.62267886862746
830,28,24,7,7,2502,10,9,7,0.62267886862746
831,28,24,7,7,1986,10,9,7,0.62267886862746
832,28,24,7,7,1540,10,9,7,0.62267886862746
833,28,24,7,7,1546,10,9,7,0.62267886862746
834,28,24,7,7,2123,10,9,7,0.62267886862746
835,28,24,2,7,2083,10,10,6,0.123915011122191
836,28,24,2,7,938,10,10,6,0.123915011122191
837,28,24,2,7,1509,10,10,6,0.123915011122191
838,28,24,2,6,1448,11,10,6,0.123915011122191
839,28,24,2,6,1612,11,10,6,0.123915011122191
840,28,24,2,6,1461,11,10,6,0.123915011122191
841,28,24,2,6,1019,14,10,6,0.123915011122191
842,28,24,2,7,2082,10,10,6,0.123915011122191
843,28,24,2,7,2130,10,10,6,0.123915011122191
844,28,24,2,7,3727,10,10,6,0.123915011122191
845,28,24,7,7,1175,10,9,7,0.62267886862746
846,28,24,7,7,2574,10,9,7,0.62267886862746
847,28,24,7,7,3459,10,9,7,0.62267886862746
848,28,24,7,7,1902,10,9,7,0.62267886862746
849,28,24,2,6,1085,10,10,6,0.123915011122191
850,28,24,2,6,978,10,10,6,0.123915011122191
851,28,24,2,6,1562,11,10,6,0.123915011122191
852,28,24,2,6,979,11,10,6,0.123915011122191
853,28,24,2,6,592,10,10,6,0.123915011122191
854,28,24,2,6,1108,10,10,6,0.123915011122191
855,28,24,2,6,833,10,10,6,0.123915011122191
856,28,24,2,6,1158,10,10,6,0.123915011122191
857,28,24,2,7,3240,10,10,6,0.123915011122191
858,28,24,2,7,1649,10,10,6,0.123915011122191
859,28,24,7,7,1425,10,9,7,0.62267886862746
860,28,24,2,7,1239,10,10,6,0.123915011122191
861,28,24,2,7,805,10,10,6,0.123915011122191
862,28,24,2,7,925,10,10,6,0.123915011122191
863,28,24,2,6,1923,11,10,6,0.123915011122191
864,28,24,2,6,532,10,10,6,0.123915011122191
865,28,24,2,7,1353,10,10,6,0.123915011122191
866,28,24,7,7,1734,10,9,7,0.62267886862746
867,28,24,7,7,1612,10,9,7,0.62267886862746
868,28,24,7,7,1659,10,9,7,0.62267886862746
869,28,24,2,7,1149,10,10,6,0.123915011122191
870,28,24,2,7,1847,10,10,6,0.123915011122191
871,28,24,2,7,1394,10,10,6,0.123915011122191
872,28,24,2,7,990,10,10,6,0.123915011122191
873,28,24,2,6,319,10,10,6,0.123915011122191
874,28,24,2,6,628,10,10,6,0.123915011122191
875,28,24,2,6,858,10,10,6,0.123915011122191
876,28,24,2,6,1012,10,10,6,0.123915011122191
877,28,24,2,6,1648,11,10,6,0.123915011122191
878,28,24,2,6,1100,10,10,6,0.123915011122191
879,28,24,2,6,1228,10,10,6,0.123915011122191
880,28,24,2,6,641,10,10,6,0.123915011122191
881,28,24,2,7,536,10,10,6,0.123915011122191
882,28,24,2,7,541,10,10,6,0.123915011122191
883,28,24,7,7,1068,10,9,7,0.62267886862746
884,28,24,7,7,1708,10,9,7,0.62267886862746
885,28,24,7,7,2417,12,9,7,0.62267886862746
886,28,24,7,7,1411,12,9,7,0.62267886862746
887,28,24,7,7,928,10,9,7,0.62267886862746
888,28,24,7,7,1259,10,9,7,0.62267886862746
889,28,24,7,7,945,10,9,7,0.62267886862746
890,28,24,7,7,1345,10,9,7,0.62267886862746
891,28,24,7,7,766,10,9,7,0.62267886862746
892,28,24,2,7,258,10,10,6,0.123915011122191
893,28,24,2,7,310,10,10,6,0.123915011122191
894,28,24,2,6,123,10,10,6,0.123915011122191
895,28,24,2,6,567,10,10,6,0.123915011122191
896,28,24,2,6,941,10,10,6,0.123915011122191
897,28,24,2,6,968,15,10,6,0.123915011122191
898,28,24,2,6,1344,15,10,6,0.123915011122191
899,28,24,2,6,630,10,10,6,0.123915011122191
900,28,24,2,6,635,10,10,6,0.123915011122191
901,28,24,2,6,1190,10,10,6,0.123915011122191
902,28,24,2,6,573,10,10,6,0.123915011122191
903,28,24,2,7,596,10,10,6,0.123915011122191
904,28,24,7,7,830,10,9,7,0.62267886862746
905,28,24,7,7,608,10,9,7,0.62267886862746
906,28,24,7,7,1453,10,9,7,0.62267886862746
907,28,24,7,7,1778,10,9,7,0.62267886862746
908,28,24,7,7,855,10,9,7,0.62267886862746
909,28,24,7,7,615,10,9,7,0.62267886862746
910,28,24,7,7,1450,10,9,7,0.62267886862746
911,28,24,7,7,782,10,9,7,0.62267886862746
912,28,24,7,7,909,12,9,7,0.62267886862746
913,28,24,7,7,1673,12,9,7,0.62267886862746
914,28,24,7,7,1505,12,9,7,0.62267886862746
915,28,24,7,7,1191,10,9,7,0.62267886862746
916,28,24,7,7,1193,10,9,7,0.62267886862746
917,28,24,7,7,562,10,9,7,0.62267886862746
918,28,24,2,7,596,10,10,6,0.123915011122191
919,28,24,2,6,767,10,10,6,0.123915011122191
920,28,24,2,6,1030,10,10,6,0.123915011122191
921,28,24,2,6,1707,10,10,6,0.123915011122191
922,28,24,8,6,2204,15,11,8,0.827172423985766
923,28,24,8,8,362,15,11,8,0.827172423985766
924,28,24,8,6,1381,15,11,8,0.827172423985766
925,28,24,2,6,974,10,10,6,0.123915011122191
926,28,24,2,6,1250,10,10,6,0.123915011122191
927,28,24,2,6,854,10,10,6,0.123915011122191
928,28,24,2,7,452,10,10,6,0.123915011122191
929,28,24,7,7,1885,12,9,7,0.62267886862746
930,28,24,7,7,889,12,9,7,0.62267886862746
931,28,24,2,6,1497,10,10,6,0.123915011122191
932,28,24,2,6,1613,10,10,6,0.123915011122191
933,28,24,8,8,863,15,11,8,0.827172423985766
934,28,24,8,8,1983,15,11,8,0.827172423985766
935,28,24,8,8,1606,15,11,8,0.827172423985766
936,28,24,8,6,4750,15,11,8,0.827172423985766
937,28,24,8,8,1625,15,11,8,0.827172423985766
938,28,24,8,8,1408,15,11,8,0.827172423985766
939,28,24,8,8,1781,15,11,8,0.827172423985766
940,28,24,8,8,1795,15,11,8,0.827172423985766
941,28,24,8,8,2512,15,11,8,0.827172423985766
942,28,24,8,8,2528,13,11,8,0.827172423985766
943,28,24,8,8,9721,13,11,8,0.827172423985766
944,28,24,8,8,4496,13,11,8,0.827172423985766
945,28,24,8,8,1543,13,11,8,0.827172423985766
946,28,24,8,8,1511,15,11,8,0.827172423985766
947,28,24,8,8,5346,15,11,8,0.827172423985766
948,28,24,8,8,1546,15,11,8,0.827172423985766
949,28,24,8,8,1306,15,11,8,0.827172423985766
950,28,24,8,8,1982,15,11,8,0.827172423985766
951,28,24,6,6,1156,10,12,6,0.64985406501348
952,28,24,8,8,1581,15,11,8,0.827172423985766
953,28,24,8,8,3322,15,11,8,0.827172423985766
954,28,24,8,8,1388,13,11,8,0.827172423985766
955,28,24,8,8,10148,13,11,8,0.827172423985766
956,28,24,8,8,1503,13,11,8,0.827172423985766
957,28,24,8,8,1551,13,11,8,0.827172423985766
958,28,24,8,8,1823,13,11,8,0.827172423985766
959,28,24,8,8,2880,15,11,8,0.827172423985766
960,28,24,8,8,1155,15,11,8,0.827172423985766
961,28,24,8,8,5593,15,11,8,0.827172423985766
962,28,24,8,8,1615,13,11,8,0.827172423985766
963,28,24,8,8,1513,13,11,8,0.827172423985766
964,28,24,8,8,1569,13,11,8,0.827172423985766
965,28,24,8,8,12825,13,11,8,0.827172423985766
966,28,24,8,8,1797,13,11,8,0.827172423985766
967,28,24,8,8,4090,13,11,8,0.827172423985766
968,28,24,8,8,1340,13,11,8,0.827172423985766
969,28,24,8,8,3795,15,11,8,0.827172423985766
970,28,24,8,8,3095,15,11,8,0.827172423985766
971,28,24,8,8,1370,15,11,8,0.827172423985766
973,28,24,8,8,1251,13,11,8,0.827172423985766
974,28,24,8,8,5714,13,11,8,0.827172423985766
975,28,24,8,8,3909,13,11,8,0.827172423985766
976,28,24,8,8,5078,13,11,8,0.827172423985766
977,28,24,6,8,7826,13,12,6,0.64985406501348
978,28,24,6,8,1072,13,12,6,0.64985406501348
979,28,24,6,8,1718,13,12,6,0.64985406501348
980,28,24,6,8,1352,13,12,6,0.64985406501348
981,28,24,6,8,929,13,12,6,0.64985406501348
982,28,24,7,7,1386,12,9,7,0.62267886862746
983,28,24,7,7,2584,12,9,7,0.62267886862746
984,28,24,7,7,2981,12,9,7,0.62267886862746
985,28,24,2,7,1142,10,10,6,0.123915011122191
986,28,24,7,7,651,10,9,7,0.62267886862746
987,28,24,7,7,1110,10,9,7,0.62267886862746
988,28,24,7,7,994,10,9,7,0.62267886862746
989,28,24,7,7,952,10,9,7,0.62267886862746
990,28,24,6,6,768,10,12,6,0.64985406501348
991,28,24,6,6,528,10,12,6,0.64985406501348
992,28,24,6,6,633,10,12,6,0.64985406501348
993,28,24,6,6,720,10,12,6,0.64985406501348
994,28,24,6,6,1179,10,12,6,0.64985406501348
995,28,24,6,6,862,10,12,6,0.64985406501348
996,28,24,7,7,1105,10,9,7,0.62267886862746
997,28,24,7,7,1287,10,9,7,0.62267886862746
998,28,24,7,7,1750,10,9,7,0.62267886862746
999,28,24,7,7,2175,10,9,7,0.62267886862746
1000,28,24,7,7,2079,12,9,7,0.62267886862746
1001,28,24,7,7,1776,12,9,7,0.62267886862746
1002,28,24,7,7,1169,12,9,7,0.62267886862746
1003,28,24,7,7,713,12,9,7,0.62267886862746
1004,28,24,7,7,1472,10,9,7,0.62267886862746
1005,28,24,7,7,1042,10,9,7,0.62267886862746
1006,28,24,7,7,1048,10,9,7,0.62267886862746
1007,28,24,7,7,1141,10,9,7,0.62267886862746
1008,28,24,6,6,683,10,12,6,0.64985406501348
1009,28,24,6,6,683,10,12,6,0.64985406501348
1010,28,24,6,6,257,10,12,6,0.64985406501348
1011,28,24,6,6,700,10,12,6,0.64985406501348
1012,28,24,6,6,1402,10,12,6,0.64985406501348
1013,28,24,6,6,980,10,12,6,0.64985406501348
1014,28,24,6,6,1108,10,12,6,0.64985406501348
1015,28,24,6,6,1136,10,12,6,0.64985406501348
1016,28,24,6,6,328,10,12,6,0.64985406501348
1017,28,24,6,6,844,10,12,6,0.64985406501348
1018,28,24,6,6,1353,10,12,6,0.64985406501348
1019,28,24,7,7,1323,10,9,7,0.62267886862746
1020,28,24,7,7,1254,10,9,7,0.62267886862746
1021,28,24,7,7,1312,10,9,7,0.62267886862746
1022,28,24,7,7,1828,12,9,7,0.62267886862746
1023,28,24,7,7,5857,12,9,7,0.62267886862746
1024,28,24,7,7,1105,10,9,7,0.62267886862746
1025,28,24,7,7,1046,10,9,7,0.62267886862746
1026,28,24,6,6,1234,10,12,6,0.64985406501348
1027,28,24,6,6,1172,10,12,6,0.64985406501348
1028,28,24,6,6,1823,10,12,6,0.64985406501348
1029,28,24,6,6,1601,10,12,6,0.64985406501348
1030,28,24,6,6,1242,10,12,6,0.64985406501348
1031,28,24,6,6,1864,10,12,6,0.64985406501348
1032,28,24,6,6,1628,10,12,6,0.64985406501348
1033,28,24,6,6,1348,10,12,6,0.64985406501348
1034,28,24,6,6,1365,10,12,6,0.64985406501348
1035,28,24,6,6,1576,10,12,6,0.64985406501348
1036,28,24,6,6,1375,10,12,6,0.64985406501348
1037,28,24,7,7,1224,10,9,7,0.62267886862746
1038,28,24,7,7,949,10,9,7,0.62267886862746
1039,28,24,7,7,10865,12,9,7,0.62267886862746
1040,28,24,7,7,1805,12,9,7,0.62267886862746
1041,28,24,7,7,1380,12,9,7,0.62267886862746
1042,28,24,7,7,2064,12,9,7,0.62267886862746
1043,28,24,6,6,1195,10,12,6,0.64985406501348
1044,28,24,6,6,1400,10,12,6,0.64985406501348
1045,28,24,6,6,3189,15,12,6,0.64985406501348
1046,28,24,6,6,1638,15,12,6,0.64985406501348
1047,28,24,6,6,1162,12,12,6,0.64985406501348
1048,28,24,6,6,2044,12,12,6,0.64985406501348
1049,28,24,6,6,1877,12,12,6,0.64985406501348
1050,28,24,6,6,2151,12,12,6,0.64985406501348
1051,28,24,6,6,2339,12,12,6,0.64985406501348
1052,28,24,6,6,1482,12,12,6,0.64985406501348
1053,28,24,6,6,2634,12,12,6,0.64985406501348
1054,28,24,6,6,1570,15,12,6,0.64985406501348
1055,28,24,6,6,4115,12,12,6,0.64985406501348
1056,28,24,6,6,2275,12,12,6,0.64985406501348
1057,28,24,6,6,2625,12,12,6,0.64985406501348
1058,28,24,6,6,2536,12,12,6,0.64985406501348
1059,28,24,6,6,3216,12,12,6,0.64985406501348
1060,28,24,6,6,2184,12,12,6,0.64985406501348
1061,28,24,6,6,2765,12,12,6,0.64985406501348
1062,28,24,6,6,2511,15,12,6,0.64985406501348
1063,28,24,6,6,2598,15,12,6,0.64985406501348
1064,28,24,6,6,1747,15,12,6,0.64985406501348
1065,28,24,6,6,1381,12,12,6,0.64985406501348
1066,28,24,6,6,1340,12,12,6,0.64985406501348
1067,28,24,6,6,1766,12,12,6,0.64985406501348
1068,28,24,6,6,8095,12,12,6,0.64985406501348
1069,28,24,6,6,3400,12,12,6,0.64985406501348
1070,28,24,6,6,2868,12,12,6,0.64985406501348
1071,28,24,6,6,1667,12,12,6,0.64985406501348
1072,28,24,6,6,2672,15,12,6,0.64985406501348
1073,28,24,6,6,15006,12,12,6,0.64985406501348
1074,28,24,6,6,18308,12,12,6,0.64985406501348
1075,28,24,6,6,8533,12,12,6,0.64985406501348
1076,28,24,5,5,749,15,8,5,0.256154047934615
1077,28,24,5,5,877,15,8,5,0.256154047934615
1078,28,24,5,5,214,15,8,5,0.256154047934615
1079,28,24,5,5,667,15,8,5,0.256154047934615
1080,28,24,5,5,244,15,8,5,0.256154047934615
1081,28,24,5,5,314,15,8,5,0.256154047934615
1082,28,24,5,5,409,15,8,5,0.256154047934615
1083,28,24,5,5,248,15,8,5,0.256154047934615
1084,28,24,5,5,365,15,8,5,0.256154047934615
1085,28,24,5,5,368,15,8,5,0.256154047934615
1086,28,24,5,5,1214,15,8,5,0.256154047934615
1087,28,24,5,5,366,15,8,5,0.256154047934615
1088,28,24,5,5,866,15,8,5,0.256154047934615
1089,28,24,5,5,444,15,8,5,0.256154047934615
1090,28,24,5,5,633,15,8,5,0.256154047934615
1091,28,24,5,5,296,15,8,5,0.256154047934615
1092,28,24,5,5,720,15,8,5,0.256154047934615
1093,28,24,5,5,962,15,8,5,0.256154047934615
1094,28,24,5,5,293,15,8,5,0.256154047934615
1095,28,24,5,5,124,15,8,5,0.256154047934615
1096,28,24,5,5,855,15,8,5,0.256154047934615
1097,28,24,5,5,858,15,8,5,0.256154047934615
1098,28,24,5,5,112,15,8,5,0.256154047934615
1099,28,24,5,5,133,15,8,5,0.256154047934615
1100,28,24,5,5,1585,15,8,5,0.256154047934615
1101,28,24,5,5,1493,15,8,5,0.256154047934615
1102,28,24,5,5,252,15,8,5,0.256154047934615
1103,28,24,5,5,894,15,8,5,0.256154047934615
1104,28,24,5,5,1546,15,8,5,0.256154047934615
1105,28,24,5,5,858,15,8,5,0.256154047934615
1106,28,24,7,5,4309,12,9,7,0.62267886862746
1108,28,24,8,8,628,13,11,8,0.827172423985766
1109,28,24,8,8,2507,13,11,8,0.827172423985766
1110,28,24,8,8,7850,13,11,8,0.827172423985766
1111,28,24,8,8,2706,13,11,8,0.827172423985766
1112,28,24,8,8,918,13,11,8,0.827172423985766
1113,28,24,8,8,3464,13,11,8,0.827172423985766
1114,28,24,8,8,2551,13,11,8,0.827172423985766
1115,28,24,7,7,3003,12,9,7,0.62267886862746
1116,28,24,7,7,7102,12,9,7,0.62267886862746
1117,28,24,7,7,3905,12,9,7,0.62267886862746
1118,28,24,7,7,2812,12,9,7,0.62267886862746
1119,28,24,7,7,1094,12,9,7,0.62267886862746
1120,28,24,6,7,4613,12,12,6,0.64985406501348
1121,28,24,6,7,1588,12,12,6,0.64985406501348
1122,28,24,7,7,107,12,9,7,0.62267886862746
1123,28,24,6,7,1586,12,12,6,0.64985406501348
1124,28,24,6,8,1513,13,12,6,0.64985406501348
1125,28,24,6,8,5787,13,12,6,0.64985406501348
1126,28,24,6,8,1872,13,12,6,0.64985406501348
1127,28,24,8,8,1074,13,11,8,0.827172423985766
1128,29,24,15,15,1116,6,7,15,1
1129,29,24,15,15,2122,6,7,15,1
1130,29,24,15,15,1139,6,7,15,1
1131,29,24,15,15,1334,6,7,15,1
1132,29,24,15,15,597,6,7,15,1
1133,29,24,15,15,291,6,7,15,1
1134,29,24,15,15,1194,6,7,15,1
1135,29,24,15,15,292,6,7,15,1
1136,29,24,15,15,1055,6,7,15,1
1137,29,24,15,15,439,6,7,15,1
1138,29,24,15,15,244,6,7,15,1
1139,29,24,15,15,366,6,7,15,1
1140,29,24,15,15,1736,6,7,15,1
1141,29,24,15,15,2460,6,7,15,1
1142,29,24,15,15,1629,6,7,15,1
1143,29,24,15,15,1793,6,7,15,1
1144,29,24,15,15,392,6,7,15,1
1145,29,24,15,15,779,6,7,15,1
1146,29,24,15,15,273,6,7,15,1
1147,29,24,15,15,1929,6,7,15,1
1148,30,24,10,2,660,7,6,10,0.718862664932169
1149,30,24,10,2,223,7,6,10,0.718862664932169
1150,30,24,10,2,209,7,6,10,0.718862664932169
1151,30,24,10,2,347,7,6,10,0.718862664932169
1152,30,24,10,2,433,7,6,10,0.718862664932169
1153,30,24,10,2,526,7,6,10,0.718862664932169
1154,30,24,10,2,109,7,6,10,0.718862664932169
1155,30,24,10,2,438,7,6,10,0.718862664932169
1156,30,24,10,2,459,7,6,10,0.718862664932169
1157,30,24,10,2,86,7,6,10,0.718862664932169
1158,30,24,10,2,471,7,6,10,0.718862664932169
1159,30,24,10,2,1473,7,6,10,0.718862664932169
1160,31,24,13,13,1149,6,14,13,1
1161,31,24,13,13,1353,6,14,13,1
1162,31,24,13,13,2627,6,14,13,1
1163,31,24,13,13,1000,6,14,13,1
1164,31,24,13,13,573,6,14,13,1
1165,31,24,13,13,325,6,14,13,1
1166,31,24,13,13,137,6,14,13,1
1167,31,24,13,13,649,6,14,13,1
1168,31,24,13,13,467,6,14,13,1
1169,31,24,13,13,952,6,14,13,1
1170,31,24,13,13,248,6,14,13,1
1171,31,24,13,13,400,6,14,13,1
1172,31,24,13,13,315,6,14,13,1
1173,31,24,13,13,410,6,14,13,1
1174,31,24,13,13,1181,6,14,13,1
1175,31,24,13,13,301,6,14,13,1
1176,31,24,13,13,532,6,14,13,1
1177,31,24,13,13,590,6,14,13,1
1178,31,24,13,13,1744,6,14,13,1
1179,32,24,11,11,190,5,3,11,0.762206775246503
1180,32,24,11,11,1138,5,3,11,0.762206775246503
1181,32,24,11,11,1295,5,3,11,0.762206775246503
1182,32,24,11,11,361,5,3,11,0.762206775246503
1183,32,24,11,11,1376,5,3,11,0.762206775246503
1184,32,24,11,11,1063,5,3,11,0.762206775246503
1185,32,24,11,11,1017,5,3,11,0.762206775246503
1186,32,24,11,11,2323,5,3,11,0.762206775246503
1187,32,24,11,11,3085,5,3,11,0.762206775246503
1188,33,24,3,3,2161,1,2,3,0.801942632523428
1189,33,24,3,3,1346,1,2,3,0.801942632523428
1190,33,24,3,3,1822,1,2,3,0.801942632523428
1191,33,24,3,3,2622,1,2,3,0.801942632523428
1192,33,24,3,3,1300,1,2,3,0.801942632523428
1193,33,24,3,3,2826,1,2,3,0.801942632523428
1194,33,24,3,3,2094,1,2,3,0.801942632523428
1195,33,24,3,3,726,1,2,3,0.801942632523428
1196,33,24,3,3,465,1,2,3,0.801942632523428
1197,33,24,3,3,181,1,2,3,0.801942632523428
1198,33,24,3,3,265,1,2,3,0.801942632523428
1199,33,24,3,3,151,1,2,3,0.801942632523428
1200,33,24,3,3,350,1,2,3,0.801942632523428
1201,33,24,3,3,707,1,2,3,0.801942632523428
1202,33,24,3,3,720,1,2,3,0.801942632523428
1203,33,24,3,3,884,1,2,3,0.801942632523428
1204,33,24,3,3,1305,1,2,3,0.801942632523428
1205,33,24,3,3,1865,1,2,3,0.801942632523428
1206,33,24,3,3,2478,1,2,3,0.801942632523428
1207,33,24,3,3,1138,1,2,3,0.801942632523428
1208,33,24,3,3,747,1,2,3,0.801942632523428
1210,33,24,3,3,362,1,2,3,0.801942632523428
1211,33,24,3,3,1221,1,2,3,0.801942632523428
1212,33,24,3,3,1988,1,2,3,0.801942632523428
1213,33,24,3,3,808,1,2,3,0.801942632523428
1214,33,24,3,3,2161,1,2,3,0.801942632523428
1215,33,24,3,3,1166,1,2,3,0.801942632523428
1216,33,24,3,3,1151,1,2,3,0.801942632523428
1217,33,24,3,3,778,1,2,3,0.801942632523428
1218,33,24,3,3,2128,1,2,3,0.801942632523428
1219,33,24,3,3,1948,1,2,3,0.801942632523428
1220,33,24,3,3,660,1,2,3,0.801942632523428
1221,34,24,4,4,779,4,1,4,1
1222,34,24,4,4,173,4,1,4,1
1223,34,24,4,4,439,4,1,4,1
1224,34,24,4,4,250,4,1,4,1
1225,34,24,4,4,495,4,1,4,1
1226,34,24,4,4,656,4,1,4,1
1227,34,24,4,4,368,4,1,4,1
1228,34,24,4,4,423,4,1,4,1
1229,34,24,4,4,654,4,1,4,1
1230,34,24,4,4,283,4,1,4,1
1231,34,24,4,4,238,4,1,4,1
1232,34,24,4,4,231,4,1,4,1
1233,34,24,4,4,466,4,1,4,1
1234,34,24,4,4,402,4,1,4,1
1235,34,24,4,4,378,4,1,4,1
1236,34,24,4,4,392,4,1,4,1
1237,34,24,4,4,819,4,1,4,1
1238,34,24,4,4,1877,4,1,4,1
1239,34,24,4,4,272,4,1,4,1
1240,34,24,4,4,1983,4,1,4,1
1241,34,24,4,4,465,4,1,4,1
1242,35,24,5,9,962,11,8,5,0.256154047934615
1243,35,24,5,9,881,11,8,5,0.256154047934615
1244,35,24,5,9,2070,11,8,5,0.256154047934615
1245,35,24,5,9,1944,11,8,5,0.256154047934615
1246,35,24,5,9,2605,11,8,5,0.256154047934615
1247,35,24,5,9,17639,11,8,5,0.256154047934615
1248,35,24,5,9,1984,11,8,5,0.256154047934615
1249,35,24,5,9,1228,11,8,5,0.256154047934615
1250,35,24,5,9,2756,11,8,5,0.256154047934615
1251,35,24,5,9,2202,11,8,5,0.256154047934615
1252,35,24,5,9,3403,11,8,5,0.256154047934615
1253,35,24,5,9,11349,11,8,5,0.256154047934615
1254,35,24,5,9,1786,11,8,5,0.256154047934615
1255,35,24,5,9,2143,11,8,5,0.256154047934615
1256,35,24,5,9,3260,11,8,5,0.256154047934615
1257,35,24,5,9,1009,11,8,5,0.256154047934615
1258,35,24,5,9,1421,11,8,5,0.256154047934615
1259,35,24,5,9,4286,11,8,5,0.256154047934615
1260,35,24,5,9,1624,11,8,5,0.256154047934615
1261,35,24,5,9,1631,11,8,5,0.256154047934615
1262,35,24,5,9,753,11,8,5,0.256154047934615
1263,35,24,5,9,781,11,8,5,0.256154047934615
1264,35,24,5,9,1436,11,8,5,0.256154047934615
1265,35,24,5,9,801,11,8,5,0.256154047934615
1266,35,24,5,9,1167,11,8,5,0.256154047934615
1267,35,24,5,9,1469,11,8,5,0.256154047934615
1268,35,24,5,9,1690,11,8,5,0.256154047934615
1269,35,24,5,9,875,11,8,5,0.256154047934615
1270,35,24,5,9,661,11,8,5,0.256154047934615
1271,35,24,9,9,2033,11,13,9,0.614350049676694
1272,35,24,9,9,3899,11,13,9,0.614350049676694
1273,35,24,9,9,17295,11,13,9,0.614350049676694
1274,35,24,9,9,17070,11,13,9,0.614350049676694
1275,35,24,9,9,2792,11,13,9,0.614350049676694
1276,35,24,9,9,2524,11,13,9,0.614350049676694
1277,35,24,9,9,944,11,13,9,0.614350049676694
1278,35,24,9,9,2233,11,13,9,0.614350049676694
1279,35,24,9,9,1955,11,13,9,0.614350049676694
1280,35,24,9,9,1919,11,13,9,0.614350049676694
1281,35,24,9,9,1252,11,13,9,0.614350049676694
1282,35,24,9,9,1916,11,13,9,0.614350049676694
1283,35,24,9,9,1917,11,13,9,0.614350049676694
1284,35,24,9,9,1579,11,13,9,0.614350049676694
1285,35,24,9,9,1691,11,13,9,0.614350049676694
1286,35,24,9,9,2183,11,13,9,0.614350049676694
1287,35,24,9,9,7582,11,13,9,0.614350049676694
1288,35,24,9,9,8705,15,13,9,0.614350049676694
1289,35,24,9,9,2918,15,13,9,0.614350049676694
1290,35,24,9,9,1710,11,13,9,0.614350049676694
1291,35,24,9,9,1891,11,13,9,0.614350049676694
1292,35,24,9,9,1943,15,13,9,0.614350049676694
1293,35,24,9,9,3132,11,13,9,0.614350049676694
1294,35,24,9,9,2043,11,13,9,0.614350049676694
1295,35,24,9,9,1616,11,13,9,0.614350049676694
1296,35,24,9,9,2137,11,13,9,0.614350049676694
1297,35,24,9,9,1872,15,13,9,0.614350049676694
1298,35,24,9,9,1530,15,13,9,0.614350049676694
1299,35,24,9,9,6182,15,13,9,0.614350049676694
1300,35,24,9,9,2408,15,13,9,0.614350049676694
1301,35,24,9,9,2982,15,13,9,0.614350049676694
1302,35,24,9,9,1828,15,13,9,0.614350049676694
1303,35,24,9,9,4093,15,13,9,0.614350049676694
1304,35,24,9,9,21175,13,13,9,0.614350049676694
1305,35,24,9,9,6975,15,13,9,0.614350049676694
1306,35,24,9,9,1724,15,13,9,0.614350049676694
1307,35,24,9,9,749,15,13,9,0.614350049676694
1308,35,24,9,9,865,13,13,9,0.614350049676694
1309,35,24,5,9,703,15,8,5,0.256154047934615
1310,35,24,5,9,932,15,8,5,0.256154047934615
1311,35,24,5,9,949,15,8,5,0.256154047934615
1312,35,24,5,9,2069,15,8,5,0.256154047934615
1313,35,24,5,9,1075,15,8,5,0.256154047934615
1314,35,24,5,9,3948,15,8,5,0.256154047934615
1315,35,24,5,9,1576,11,8,5,0.256154047934615
1316,35,24,5,9,6473,15,8,5,0.256154047934615
1317,35,24,9,9,1615,15,13,9,0.614350049676694
1318,35,24,5,9,1170,11,8,5,0.256154047934615
1319,36,24,11,11,2173,5,3,11,0.762206775246503
1320,36,24,11,11,1443,5,3,11,0.762206775246503
1321,36,24,11,11,1022,5,3,11,0.762206775246503
1322,36,24,11,11,836,5,3,11,0.762206775246503
1323,36,24,11,11,832,5,3,11,0.762206775246503
1324,36,24,11,11,2137,5,3,11,0.762206775246503
1325,36,24,11,11,774,5,3,11,0.762206775246503
1326,36,24,11,11,2861,5,3,11,0.762206775246503
1327,36,24,11,11,1591,5,3,11,0.762206775246503
1328,36,24,11,11,2266,5,3,11,0.762206775246503
1329,36,24,11,11,1605,5,3,11,0.762206775246503
1330,36,24,11,11,2250,5,3,11,0.762206775246503
1331,36,24,11,11,1021,5,3,11,0.762206775246503
1332,36,24,11,11,2311,5,3,11,0.762206775246503
1333,36,24,11,11,2661,5,3,11,0.762206775246503
1334,36,24,11,11,871,5,3,11,0.762206775246503
1335,36,24,11,11,1990,5,3,11,0.762206775246503
1336,37,24,15,15,651,8,7,15,1
1337,37,24,15,15,305,8,7,15,1
1338,37,24,15,15,422,8,7,15,1
1339,37,24,15,15,860,8,7,15,1
1340,37,24,15,15,1076,8,7,15,1
1341,37,24,15,15,1240,8,7,15,1
1342,37,24,15,15,1082,8,7,15,1
1343,37,24,15,15,1159,8,7,15,1
1344,37,24,15,15,2299,8,7,15,1
1345,37,24,15,15,1051,8,7,15,1
1346,37,24,15,15,1153,8,7,15,1
1347,37,24,15,15,2327,8,7,15,1
1348,37,24,15,15,1033,8,7,15,1
1349,58,24,15,15,1900,8,7,15,1
1350,58,24,15,15,1067,8,7,15,1
1351,58,24,15,15,1999,8,7,15,1
1352,58,24,15,15,892,8,7,15,1
1353,58,24,15,15,2534,8,7,15,1
1354,58,24,15,15,249,8,7,15,1
1355,58,24,15,15,1361,8,7,15,1
1356,58,24,15,15,1780,8,7,15,1
1357,58,24,15,15,1126,8,7,15,1
1358,58,24,15,15,4282,8,7,15,1
1359,58,24,15,15,3118,8,7,15,1
1360,58,24,15,15,1162,8,7,15,1
1361,58,24,15,15,657,8,7,15,1
1362,58,24,15,15,2054,8,7,15,1
1363,58,24,15,15,2212,8,7,15,1
1364,58,24,15,15,2270,8,7,15,1
1365,37,24,15,15,407,8,7,15,1
1366,58,24,15,15,1550,8,7,15,1
1367,37,24,15,15,1544,8,7,15,1
1368,37,24,15,15,1228,8,7,15,1
1369,37,24,15,15,1989,8,7,15,1
1370,37,24,15,15,708,8,7,15,1
1371,37,24,15,15,1831,8,7,15,1
1372,37,24,15,15,1203,8,7,15,1
1373,37,24,15,15,1944,8,7,15,1
1374,37,24,15,15,1078,8,7,15,1
1375,37,24,15,15,2728,8,7,15,1
1376,37,24,15,15,2775,8,7,15,1
1377,37,24,15,15,2131,8,7,15,1
1378,37,24,15,15,1280,8,7,15,1
1379,37,24,15,15,389,8,7,15,1
1380,37,24,15,15,2670,8,7,15,1
1381,37,24,15,15,827,8,7,15,1
1382,37,24,15,15,4814,8,7,15,1
1383,37,24,15,15,1198,8,7,15,1
1384,37,24,15,15,1100,8,7,15,1
1385,37,24,15,15,1641,8,7,15,1
1386,37,24,15,15,1771,8,7,15,1
1387,37,24,15,15,1516,8,7,15,1
1388,37,24,15,15,5741,8,7,15,1
1389,37,24,15,15,1108,8,7,15,1
1390,37,24,15,15,1826,8,7,15,1
1391,37,24,15,15,1916,8,7,15,1
1392,37,24,15,15,2943,8,7,15,1
1393,37,24,15,15,2069,8,7,15,1
1394,37,24,15,15,805,8,7,15,1
1395,37,24,15,15,1638,8,7,15,1
1396,37,24,15,15,1744,8,7,15,1
1397,37,24,15,15,1207,8,7,15,1
1398,37,24,15,15,2781,8,7,15,1
1399,37,24,15,15,943,8,7,15,1
1400,37,24,15,15,838,8,7,15,1
1401,37,24,15,15,1800,8,7,15,1
1402,37,24,15,15,1351,8,7,15,1
1403,37,24,15,15,772,8,7,15,1
1404,37,24,15,15,2073,8,7,15,1
1405,37,24,15,15,1460,8,7,15,1
1406,37,24,15,15,1124,8,7,15,1
1407,37,24,15,15,915,8,7,15,1
1408,37,24,15,15,1471,8,7,15,1
1409,37,24,15,15,3100,8,7,15,1
1410,37,24,15,15,3021,8,7,15,1
1411,37,24,15,15,2997,8,7,15,1
1412,38,24,15,15,1069,6,7,15,1
1413,38,24,15,15,576,6,7,15,1
1414,38,24,15,15,1100,6,7,15,1
1415,38,24,15,15,547,6,7,15,1
1416,38,24,15,15,317,6,7,15,1
1417,38,24,15,15,1672,6,7,15,1
1418,38,24,15,15,1551,6,7,15,1
1419,38,24,15,15,608,6,7,15,1
1420,38,24,15,15,537,6,7,15,1
1421,38,24,15,15,778,6,7,15,1
1422,38,24,15,15,875,6,7,15,1
1423,38,24,15,15,1123,6,7,15,1
1424,38,24,15,15,311,6,7,15,1
1425,38,24,15,15,1512,6,7,15,1
1426,38,24,15,15,378,6,7,15,1
1427,38,24,15,15,2895,6,7,15,1
1428,39,24,13,13,2206,5,14,13,1
1429,39,24,13,13,1901,5,14,13,1
1430,39,24,13,13,572,5,14,13,1
1431,39,24,13,13,666,5,14,13,1
1432,39,24,13,13,1131,5,14,13,1
1433,39,24,13,13,1000,5,14,13,1
1434,39,24,13,13,464,5,14,13,1
1435,39,24,13,13,444,5,14,13,1
1436,39,24,13,13,231,5,14,13,1
1437,39,24,13,13,1054,5,14,13,1
1438,39,24,13,13,730,5,14,13,1
1439,39,24,13,13,1004,5,14,13,1
1440,39,24,13,13,443,5,14,13,1
1441,39,24,13,13,517,5,14,13,1
1442,39,24,13,13,371,5,14,13,1
1443,39,24,13,13,798,5,14,13,1
1444,39,24,13,13,708,5,14,13,1
1445,40,24,13,13,735,6,14,13,1
1446,40,24,13,13,1288,6,14,13,1
1447,40,24,13,13,360,6,14,13,1
1448,40,24,13,13,759,6,14,13,1
1449,40,24,13,13,893,6,14,13,1
1450,40,24,13,13,1368,6,14,13,1
1451,40,24,13,13,922,6,14,13,1
1452,40,24,13,13,551,6,14,13,1
1453,40,24,13,13,714,6,14,13,1
1454,40,24,13,13,582,6,14,13,1
1455,40,24,13,13,7077,6,14,13,1
1456,40,24,13,13,1326,6,14,13,1
1457,40,24,13,13,1069,6,14,13,1
1458,40,24,13,13,743,6,14,13,1
1459,40,24,13,13,457,6,14,13,1
1460,40,24,13,13,1277,6,14,13,1
1461,40,24,13,13,655,6,14,13,1
1462,40,24,13,13,1439,6,14,13,1
1463,40,24,13,13,1080,6,14,13,1
1464,40,24,13,13,1558,6,14,13,1
1465,40,24,13,13,1632,6,14,13,1
1466,40,24,13,13,386,6,14,13,1
1467,40,24,13,13,706,6,14,13,1
1468,40,24,13,13,811,6,14,13,1
1469,40,24,13,13,293,6,14,13,1
1470,40,24,13,13,341,6,14,13,1
1471,40,24,13,13,504,6,14,13,1
1472,40,24,13,13,1243,6,14,13,1
1473,40,24,13,13,162,6,14,13,1
1474,40,24,13,13,2157,6,14,13,1
1475,40,24,13,13,1384,6,14,13,1
1476,40,24,13,13,950,6,14,13,1
1477,40,24,13,13,1504,6,14,13,1
1478,40,24,13,13,427,6,14,13,1
1479,40,24,13,13,732,6,14,13,1
1480,41,24,13,13,2066,5,14,13,1
1481,41,24,13,13,2181,5,14,13,1
1482,41,24,13,13,606,5,14,13,1
1483,41,24,13,13,1108,5,14,13,1
1484,41,24,13,13,434,5,14,13,1
1485,41,24,13,13,663,5,14,13,1
1486,41,24,13,13,755,5,14,13,1
1487,41,24,13,13,1087,5,14,13,1
1488,41,24,13,13,625,5,14,13,1
1489,41,24,13,13,989,5,14,13,1
1490,41,24,13,13,1703,5,14,13,1
1491,41,24,13,13,1300,5,14,13,1
1492,41,24,13,13,2470,5,14,13,1
1493,41,24,13,13,1015,5,14,13,1
1494,41,24,13,13,780,5,14,13,1
1495,41,24,13,13,896,5,14,13,1
1496,42,24,13,13,3110,6,14,13,1
1497,42,24,13,13,2234,6,14,13,1
1498,42,24,13,13,1615,6,14,13,1
1499,42,24,13,13,2214,6,14,13,1
1500,42,24,13,13,878,6,14,13,1
1501,42,24,13,13,1762,6,14,13,1
1502,42,24,13,13,945,6,14,13,1
1503,42,24,13,13,458,6,14,13,1
1504,42,24,13,13,838,6,14,13,1
1505,42,24,13,13,147,6,14,13,1
1506,42,24,13,13,187,6,14,13,1
1507,43,24,3,3,689,1,2,3,0.801942632523428
1508,43,24,3,3,1506,1,2,3,0.801942632523428
1509,43,24,3,3,1082,1,2,3,0.801942632523428
1510,43,24,3,3,1244,1,2,3,0.801942632523428
1511,43,24,3,3,1762,1,2,3,0.801942632523428
1512,43,24,3,3,1150,1,2,3,0.801942632523428
1513,43,24,3,3,306,1,2,3,0.801942632523428
1514,43,24,3,3,568,1,2,3,0.801942632523428
1515,43,24,3,3,285,1,2,3,0.801942632523428
1516,43,24,3,3,115,1,2,3,0.801942632523428
1517,43,24,3,3,178,1,2,3,0.801942632523428
1520,44,24,1,1,1200,3,5,1,0.918786648877129
1521,44,24,1,1,426,3,5,1,0.918786648877129
1522,44,24,1,1,1143,3,5,1,0.918786648877129
1523,44,24,1,1,158,3,5,1,0.918786648877129
1524,44,24,1,1,245,3,5,1,0.918786648877129
1525,44,24,1,1,630,3,5,1,0.918786648877129
1526,44,24,1,1,365,3,5,1,0.918786648877129
1527,44,24,1,1,913,3,5,1,0.918786648877129
1528,44,24,1,1,356,3,5,1,0.918786648877129
1529,44,24,1,1,102,3,5,1,0.918786648877129
1530,44,24,1,1,300,3,5,1,0.918786648877129
1531,44,24,1,1,582,3,5,1,0.918786648877129
1532,44,24,1,1,322,3,5,1,0.918786648877129
1533,44,24,1,1,413,3,5,1,0.918786648877129
1534,44,24,1,1,621,3,5,1,0.918786648877129
1535,44,24,1,1,118,3,5,1,0.918786648877129
1536,45,24,1,2,1469,4,5,1,0.918786648877129
1537,45,24,1,2,820,4,5,1,0.918786648877129
1538,45,24,1,2,1839,4,5,1,0.918786648877129
1539,45,24,1,2,1641,4,5,1,0.918786648877129
1540,45,24,1,2,742,4,5,1,0.918786648877129
1541,45,24,1,2,783,4,5,1,0.918786648877129
1542,45,24,1,2,339,4,5,1,0.918786648877129
1543,45,24,1,2,360,4,5,1,0.918786648877129
1544,45,24,1,2,1151,4,5,1,0.918786648877129
1545,45,24,1,2,869,4,5,1,0.918786648877129
1546,45,24,1,2,807,4,5,1,0.918786648877129
1547,45,24,1,2,374,4,5,1,0.918786648877129
1548,45,24,1,2,161,4,5,1,0.918786648877129
1549,45,24,1,2,307,4,5,1,0.918786648877129
1550,45,24,1,2,472,4,5,1,0.918786648877129
1551,45,24,1,2,753,4,5,1,0.918786648877129
1552,45,24,1,2,368,4,5,1,0.918786648877129
1553,45,24,1,2,381,4,5,1,0.918786648877129
1554,45,24,1,2,442,4,5,1,0.918786648877129
1555,45,24,1,2,409,4,5,1,0.918786648877129
1556,46,24,3,2,3055,4,2,3,0.801942632523428
1557,46,24,3,2,2300,4,2,3,0.801942632523428
1558,46,24,3,2,2489,4,2,3,0.801942632523428
1559,46,24,3,2,240,4,2,3,0.801942632523428
1560,46,24,3,2,312,4,2,3,0.801942632523428
1561,46,24,3,2,1441,4,2,3,0.801942632523428
1562,46,24,3,2,794,4,2,3,0.801942632523428
1563,46,24,3,2,466,4,2,3,0.801942632523428
1564,46,24,3,2,749,4,2,3,0.801942632523428
1565,46,24,3,2,1375,4,2,3,0.801942632523428
1566,46,24,3,2,394,4,2,3,0.801942632523428
1567,46,24,3,2,1434,4,2,3,0.801942632523428
1568,46,24,3,2,494,4,2,3,0.801942632523428
1569,47,24,3,3,2629,1,2,3,0.801942632523428
1570,47,24,3,3,1775,1,2,3,0.801942632523428
1571,47,24,3,3,1037,1,2,3,0.801942632523428
1572,47,24,3,3,525,1,2,3,0.801942632523428
1573,47,24,3,3,204,1,2,3,0.801942632523428
1574,47,24,3,3,891,1,2,3,0.801942632523428
1575,47,24,3,3,1532,1,2,3,0.801942632523428
1576,47,24,3,3,1367,1,2,3,0.801942632523428
1577,47,24,3,3,341,1,2,3,0.801942632523428
1578,47,24,3,3,385,1,2,3,0.801942632523428
1579,47,24,3,3,1377,1,2,3,0.801942632523428
1580,47,24,3,3,568,1,2,3,0.801942632523428
1581,47,24,3,3,1316,1,2,3,0.801942632523428
1582,47,24,3,3,292,1,2,3,0.801942632523428
1583,47,24,3,3,442,1,2,3,0.801942632523428
1584,47,24,3,3,1004,1,2,3,0.801942632523428
1585,47,24,3,3,307,1,2,3,0.801942632523428
1586,47,24,3,3,324,1,2,3,0.801942632523428
1587,48,24,1,1,1111,3,5,1,0.918786648877129
1588,48,24,1,1,695,3,5,1,0.918786648877129
1589,48,24,1,1,342,3,5,1,0.918786648877129
1590,48,24,1,1,869,3,5,1,0.918786648877129
1591,48,24,1,1,194,3,5,1,0.918786648877129
1592,48,24,1,1,108,3,5,1,0.918786648877129
1593,48,24,1,1,525,3,5,1,0.918786648877129
1594,48,24,1,1,108,3,5,1,0.918786648877129
1595,48,24,1,1,151,3,5,1,0.918786648877129
1596,48,24,1,1,488,3,5,1,0.918786648877129
1597,48,24,1,1,547,3,5,1,0.918786648877129
1598,48,24,1,1,1264,3,5,1,0.918786648877129
1599,48,24,1,1,722,3,5,1,0.918786648877129
1600,48,24,1,1,286,3,5,1,0.918786648877129
1601,48,24,1,1,1507,3,5,1,0.918786648877129
1602,48,24,1,1,464,3,5,1,0.918786648877129
1603,48,24,1,1,537,3,5,1,0.918786648877129
1604,49,24,1,1,260,3,5,1,0.918786648877129
1605,49,24,1,1,1270,3,5,1,0.918786648877129
1606,49,24,1,1,991,3,5,1,0.918786648877129
1607,49,24,1,1,617,3,5,1,0.918786648877129
1608,49,24,1,1,582,3,5,1,0.918786648877129
1609,49,24,1,1,530,3,5,1,0.918786648877129
1610,49,24,1,1,589,3,5,1,0.918786648877129
1611,49,24,1,1,511,3,5,1,0.918786648877129
1612,50,24,4,4,1873,4,1,4,1
1613,50,24,4,4,2325,4,1,4,1
1614,50,24,4,4,432,4,1,4,1
1615,50,24,4,4,2279,4,1,4,1
1616,50,24,4,4,2451,4,1,4,1
1617,50,24,4,4,1228,4,1,4,1
1618,50,24,4,4,1542,4,1,4,1
1619,50,24,4,4,2210,4,1,4,1
1620,50,24,4,4,2138,4,1,4,1
1621,50,24,4,4,388,4,1,4,1
1622,50,24,4,4,3311,4,1,4,1
1623,50,24,4,4,2712,4,1,4,1
1624,50,24,4,4,440,4,1,4,1
1625,50,24,4,4,470,4,1,4,1
1626,50,24,4,4,223,4,1,4,1
1627,50,24,4,4,1031,4,1,4,1
1628,50,24,4,4,1423,4,1,4,1
1629,50,24,4,4,2293,4,1,4,1
1630,50,24,4,4,1166,4,1,4,1
1631,50,24,4,4,2746,4,1,4,1
1632,50,24,4,4,1555,4,1,4,1
1633,50,24,4,4,2213,4,1,4,1
1634,50,24,4,4,653,4,1,4,1
1635,50,24,4,4,500,4,1,4,1
1637,50,24,4,4,390,4,1,4,1
1638,51,24,3,3,1527,1,2,3,0.801942632523428
1639,51,24,3,3,1972,1,2,3,0.801942632523428
1640,51,24,3,3,958,1,2,3,0.801942632523428
1641,51,24,3,3,1438,1,2,3,0.801942632523428
1642,51,24,3,3,2650,1,2,3,0.801942632523428
1643,51,24,3,3,1431,1,2,3,0.801942632523428
1644,51,24,3,3,458,1,2,3,0.801942632523428
1645,51,24,3,3,2838,1,2,3,0.801942632523428
1646,51,24,3,3,2649,1,2,3,0.801942632523428
1647,51,24,3,3,1150,1,2,3,0.801942632523428
1648,51,24,3,3,1398,1,2,3,0.801942632523428
1649,51,24,3,3,957,1,2,3,0.801942632523428
1650,51,24,3,3,61,1,2,3,0.801942632523428
1651,51,24,3,3,763,1,2,3,0.801942632523428
1652,51,24,3,3,1990,1,2,3,0.801942632523428
1653,51,24,3,3,3012,1,2,3,0.801942632523428
1654,51,24,3,3,724,1,2,3,0.801942632523428
1655,51,24,3,3,2366,1,2,3,0.801942632523428
1656,51,24,3,3,1589,1,2,3,0.801942632523428
1657,51,24,3,3,846,1,2,3,0.801942632523428
1658,51,24,3,3,1857,1,2,3,0.801942632523428
1659,51,24,3,3,1951,1,2,3,0.801942632523428
1660,51,24,3,3,1055,1,2,3,0.801942632523428
1661,51,24,3,3,1214,1,2,3,0.801942632523428
1662,51,24,3,3,456,1,2,3,0.801942632523428
1663,51,24,3,3,648,1,2,3,0.801942632523428
1664,51,24,3,3,874,1,2,3,0.801942632523428
1665,51,24,3,3,1240,1,2,3,0.801942632523428
1666,51,24,3,3,1753,1,2,3,0.801942632523428
1667,51,24,3,3,1315,1,2,3,0.801942632523428
1668,51,24,3,3,3121,1,2,3,0.801942632523428
1669,51,24,3,3,584,1,2,3,0.801942632523428
1670,52,24,3,2,1396,4,2,3,0.801942632523428
1671,52,24,3,2,1167,4,2,3,0.801942632523428
1672,52,24,3,2,1015,4,2,3,0.801942632523428
1673,52,24,3,2,408,4,2,3,0.801942632523428
1674,52,24,3,2,1492,4,2,3,0.801942632523428
1675,52,24,3,2,716,4,2,3,0.801942632523428
1676,52,24,3,2,700,4,2,3,0.801942632523428
1677,52,24,3,2,1045,4,2,3,0.801942632523428
1678,52,24,3,2,55,4,2,3,0.801942632523428
1679,52,24,3,2,636,4,2,3,0.801942632523428
1680,52,24,3,2,1204,4,2,3,0.801942632523428
1681,52,24,3,2,328,4,2,3,0.801942632523428
1682,52,24,3,2,290,4,2,3,0.801942632523428
1683,52,24,3,2,761,4,2,3,0.801942632523428
1684,52,24,3,2,389,4,2,3,0.801942632523428
1685,52,24,3,2,1991,4,2,3,0.801942632523428
1686,52,24,3,2,521,4,2,3,0.801942632523428
1687,52,24,3,2,403,4,2,3,0.801942632523428
1688,52,24,3,2,274,4,2,3,0.801942632523428
1689,53,24,10,2,991,7,6,10,0.718862664932169
1690,53,24,10,2,622,7,6,10,0.718862664932169
1691,53,24,10,2,608,7,6,10,0.718862664932169
1692,53,24,10,2,723,7,6,10,0.718862664932169
1693,53,24,10,2,547,7,6,10,0.718862664932169
1694,53,24,10,2,184,7,6,10,0.718862664932169
1695,53,24,10,2,1364,7,6,10,0.718862664932169
1696,53,24,10,2,413,7,6,10,0.718862664932169
1697,53,24,10,2,1496,7,6,10,0.718862664932169
1698,53,24,10,2,1117,7,6,10,0.718862664932169
1699,53,24,10,2,444,7,6,10,0.718862664932169
1700,53,24,10,2,721,7,6,10,0.718862664932169
1701,53,24,10,2,138,7,6,10,0.718862664932169
1702,53,24,10,2,213,7,6,10,0.718862664932169
1703,53,24,10,2,100,7,6,10,0.718862664932169
1704,53,24,10,2,566,7,6,10,0.718862664932169
1705,54,24,14,14,1859,6,4,14,1
1706,54,24,14,14,1396,6,4,14,1
1707,54,24,14,14,2255,6,4,14,1
1708,54,24,14,14,1880,6,4,14,1
1709,54,24,14,14,1236,6,4,14,1
1710,54,24,14,14,984,6,4,14,1
1711,54,24,14,14,2465,6,4,14,1
1712,54,24,14,14,733,6,4,14,1
1713,54,24,14,14,592,6,4,14,1
1714,54,24,14,14,1860,6,4,14,1
1715,54,24,14,14,848,6,4,14,1
1716,54,24,14,14,1981,6,4,14,1
1717,54,24,14,14,899,6,4,14,1
1718,54,24,14,14,1997,6,4,14,1
1719,54,24,14,14,910,6,4,14,1
1720,54,24,14,14,2508,6,4,14,1
1721,54,24,14,14,1920,6,4,14,1
1722,54,24,14,14,1544,6,4,14,1
1723,54,24,14,14,2028,6,4,14,1
1724,54,24,14,14,1531,6,4,14,1
1725,54,24,14,14,1940,6,4,14,1
1726,55,24,14,14,2546,8,4,14,1
1727,55,24,14,14,1497,8,4,14,1
1728,55,24,14,14,883,8,4,14,1
1729,55,24,14,14,811,8,4,14,1
1730,55,24,14,14,2344,8,4,14,1
1731,55,24,14,14,2432,8,4,14,1
1732,55,24,14,14,1304,8,4,14,1
1733,55,24,14,14,709,8,4,14,1
1734,55,24,14,14,671,8,4,14,1
1735,55,24,14,14,1224,8,4,14,1
1736,55,24,14,14,190,8,4,14,1
1737,55,24,14,14,754,8,4,14,1
1738,55,24,14,14,454,8,4,14,1
1739,55,24,14,14,2161,8,4,14,1
1740,55,24,14,14,928,8,4,14,1
1741,55,24,14,14,1194,8,4,14,1
1742,55,24,14,14,518,8,4,14,1
1743,55,24,14,14,896,8,4,14,1
1744,55,24,14,14,774,8,4,14,1
1745,55,24,14,14,439,8,4,14,1
1746,55,24,14,14,496,8,4,14,1
1747,55,24,14,14,1284,8,4,14,1
1748,55,24,14,14,537,8,4,14,1
1749,55,24,14,14,1697,8,4,14,1
1750,55,24,14,14,1129,8,4,14,1
1751,55,24,14,14,1346,8,4,14,1
1752,55,24,14,14,898,8,4,14,1
1753,55,24,14,14,474,8,4,14,1
1754,55,24,14,14,959,8,4,14,1
1755,55,24,14,14,1186,8,4,14,1
1756,55,24,14,14,1172,8,4,14,1
1757,55,24,14,14,511,8,4,14,1
1758,55,24,14,14,1681,8,4,14,1
1759,55,24,14,14,822,8,4,14,1
1760,55,24,14,14,2108,8,4,14,1
1761,55,24,14,14,962,8,4,14,1
1762,55,24,14,14,1612,8,4,14,1
1763,55,24,14,14,1197,8,4,14,1
1764,55,24,14,14,504,8,4,14,1
1765,55,24,14,14,1004,8,4,14,1
1766,55,24,14,14,714,8,4,14,1
1767,55,24,14,14,1565,8,4,14,1
1768,55,24,14,14,492,8,4,14,1
1769,55,24,14,14,1388,8,4,14,1
1770,55,24,14,14,880,8,4,14,1
1771,55,24,14,14,720,8,4,14,1
1772,55,24,14,14,1431,8,4,14,1
1773,56,24,3,3,4726,7,2,3,0.801942632523428
1774,56,24,3,3,2164,7,2,3,0.801942632523428
1775,56,24,3,3,2313,7,2,3,0.801942632523428
1776,56,24,3,3,3746,7,2,3,0.801942632523428
1777,56,24,3,3,350,7,2,3,0.801942632523428
1778,56,24,3,3,336,7,2,3,0.801942632523428
1779,56,24,3,3,1327,7,2,3,0.801942632523428
1780,56,24,3,3,325,7,2,3,0.801942632523428
1781,56,24,3,3,876,7,2,3,0.801942632523428
1782,56,24,3,3,309,7,2,3,0.801942632523428
1783,56,24,3,3,756,7,2,3,0.801942632523428
1784,56,24,3,3,717,7,2,3,0.801942632523428
1785,56,24,3,3,550,7,2,3,0.801942632523428
1786,56,24,3,3,280,7,2,3,0.801942632523428
1787,56,24,3,3,2451,7,2,3,0.801942632523428
1788,56,24,3,3,287,7,2,3,0.801942632523428
1789,56,24,3,3,176,7,2,3,0.801942632523428
1790,56,24,3,3,357,7,2,3,0.801942632523428
1791,56,24,3,3,230,7,2,3,0.801942632523428
1792,56,24,3,3,570,7,2,3,0.801942632523428
1793,56,24,3,3,916,7,2,3,0.801942632523428
1794,56,24,3,3,203,7,2,3,0.801942632523428
1795,56,24,3,3,360,7,2,3,0.801942632523428
